Year,region,Medal,Medal Count
1896,Australia,Bronze,1
1896,Australia,Gold,2
1896,Australia,Silver,0
1896,Austria,Bronze,2
1896,Austria,Gold,2
1896,Austria,Silver,1
1896,Denmark,Bronze,3
1896,Denmark,Gold,1
1896,Denmark,Silver,2
1896,France,Bronze,2
1896,France,Gold,5
1896,France,Silver,4
1896,Germany,Bronze,2
1896,Germany,Gold,7
1896,Germany,Silver,5
1896,Greece,Bronze,17
1896,Greece,Gold,10
1896,Greece,Silver,17
1896,Hungary,Bronze,3
1896,Hungary,Gold,2
1896,Hungary,Silver,1
1896,Switzerland,Bronze,0
1896,Switzerland,Gold,1
1896,Switzerland,Silver,2
1896,UK,Bronze,3
1896,UK,Gold,3
1896,UK,Silver,3
1896,USA,Bronze,2
1896,USA,Gold,11
1896,USA,Silver,6
1900,Australia,Bronze,3
1900,Australia,Gold,3
1900,Australia,Silver,0
1900,Austria,Bronze,3
1900,Austria,Gold,0
1900,Austria,Silver,3
1900,Belgium,Bronze,5
1900,Belgium,Gold,6
1900,Belgium,Silver,7
1900,Canada,Bronze,1
1900,Canada,Gold,1
1900,Canada,Silver,0
1900,Colombia,Bronze,0
1900,Colombia,Gold,0
1900,Colombia,Silver,1
1900,Cuba,Bronze,0
1900,Cuba,Gold,1
1900,Cuba,Silver,1
1900,Czech Republic,Bronze,2
1900,Czech Republic,Gold,0
1900,Czech Republic,Silver,1
1900,Denmark,Bronze,2
1900,Denmark,Gold,2
1900,Denmark,Silver,3
1900,France,Bronze,34
1900,France,Gold,28
1900,France,Silver,40
1900,Germany,Bronze,1
1900,Germany,Gold,4
1900,Germany,Silver,3
1900,Haiti,Bronze,0
1900,Haiti,Gold,1
1900,Haiti,Silver,0
1900,Hungary,Bronze,2
1900,Hungary,Gold,1
1900,Hungary,Silver,2
1900,India,Bronze,0
1900,India,Gold,0
1900,India,Silver,2
1900,Italy,Bronze,0
1900,Italy,Gold,3
1900,Italy,Silver,2
1900,Luxembourg,Bronze,0
1900,Luxembourg,Gold,1
1900,Luxembourg,Silver,0
1900,Mexico,Bronze,1
1900,Mexico,Gold,0
1900,Mexico,Silver,0
1900,Netherlands,Bronze,4
1900,Netherlands,Gold,1
1900,Netherlands,Silver,2
1900,New Zealand,Bronze,0
1900,New Zealand,Gold,1
1900,New Zealand,Silver,0
1900,Norway,Bronze,3
1900,Norway,Gold,0
1900,Norway,Silver,2
1900,Spain,Bronze,0
1900,Spain,Gold,1
1900,Spain,Silver,0
1900,Sweden,Bronze,1
1900,Sweden,Gold,1
1900,Sweden,Silver,0
1900,Switzerland,Bronze,1
1900,Switzerland,Gold,6
1900,Switzerland,Silver,2
1900,UK,Bronze,12
1900,UK,Gold,19
1900,UK,Silver,11
1900,USA,Bronze,17
1900,USA,Gold,21
1900,USA,Silver,16
1904,Australia,Bronze,1
1904,Australia,Gold,0
1904,Australia,Silver,3
1904,Austria,Bronze,1
1904,Austria,Gold,2
1904,Austria,Silver,1
1904,Canada,Bronze,1
1904,Canada,Gold,4
1904,Canada,Silver,1
1904,Cuba,Bronze,0
1904,Cuba,Gold,4
1904,Cuba,Silver,0
1904,France,Bronze,0
1904,France,Gold,0
1904,France,Silver,2
1904,Germany,Bronze,7
1904,Germany,Gold,4
1904,Germany,Silver,5
1904,Greece,Bronze,1
1904,Greece,Gold,1
1904,Greece,Silver,0
1904,Hungary,Bronze,1
1904,Hungary,Gold,2
1904,Hungary,Silver,1
1904,Norway,Bronze,0
1904,Norway,Gold,2
1904,Norway,Silver,0
1904,Switzerland,Bronze,2
1904,Switzerland,Gold,1
1904,Switzerland,Silver,0
1904,UK,Bronze,0
1904,UK,Gold,1
1904,UK,Silver,1
1904,USA,Bronze,75
1904,USA,Gold,76
1904,USA,Silver,79
1906,Australia,Bronze,3
1906,Australia,Gold,0
1906,Australia,Silver,0
1906,Austria,Bronze,3
1906,Austria,Gold,3
1906,Austria,Silver,3
1906,Belgium,Bronze,3
1906,Belgium,Gold,2
1906,Belgium,Silver,2
1906,Canada,Bronze,0
1906,Canada,Gold,1
1906,Canada,Silver,1
1906,Czech Republic,Bronze,2
1906,Czech Republic,Gold,0
1906,Czech Republic,Silver,0
1906,Denmark,Bronze,1
1906,Denmark,Gold,3
1906,Denmark,Silver,2
1906,Finland,Bronze,1
1906,Finland,Gold,2
1906,Finland,Silver,1
1906,France,Bronze,16
1906,France,Gold,15
1906,France,Silver,10
1906,Germany,Bronze,4
1906,Germany,Gold,4
1906,Germany,Silver,6
1906,Greece,Bronze,13
1906,Greece,Gold,8
1906,Greece,Silver,14
1906,Hungary,Bronze,3
1906,Hungary,Gold,2
1906,Hungary,Silver,5
1906,Italy,Bronze,3
1906,Italy,Gold,7
1906,Italy,Silver,6
1906,Netherlands,Bronze,2
1906,Netherlands,Gold,0
1906,Netherlands,Silver,1
1906,Norway,Bronze,0
1906,Norway,Gold,1
1906,Norway,Silver,1
1906,Sweden,Bronze,7
1906,Sweden,Gold,2
1906,Sweden,Silver,5
1906,Switzerland,Bronze,1
1906,Switzerland,Gold,4
1906,Switzerland,Silver,3
1906,UK,Bronze,5
1906,UK,Gold,8
1906,UK,Silver,12
1906,USA,Bronze,6
1906,USA,Gold,12
1906,USA,Silver,5
1908,Australia,Bronze,2
1908,Australia,Gold,1
1908,Australia,Silver,2
1908,Austria,Bronze,1
1908,Austria,Gold,0
1908,Austria,Silver,0
1908,Belgium,Bronze,2
1908,Belgium,Gold,1
1908,Belgium,Silver,5
1908,Canada,Bronze,10
1908,Canada,Gold,3
1908,Canada,Silver,3
1908,Czech Republic,Bronze,2
1908,Czech Republic,Gold,0
1908,Czech Republic,Silver,0
1908,Denmark,Bronze,3
1908,Denmark,Gold,0
1908,Denmark,Silver,2
1908,Finland,Bronze,3
1908,Finland,Gold,1
1908,Finland,Silver,1
1908,France,Bronze,9
1908,France,Gold,5
1908,France,Silver,5
1908,Germany,Bronze,5
1908,Germany,Gold,3
1908,Germany,Silver,5
1908,Greece,Bronze,1
1908,Greece,Gold,0
1908,Greece,Silver,3
1908,Hungary,Bronze,2
1908,Hungary,Gold,3
1908,Hungary,Silver,4
1908,Italy,Bronze,0
1908,Italy,Gold,2
1908,Italy,Silver,2
1908,Netherlands,Bronze,2
1908,Netherlands,Gold,0
1908,Netherlands,Silver,0
1908,Norway,Bronze,3
1908,Norway,Gold,2
1908,Norway,Silver,3
1908,Russia,Bronze,0
1908,Russia,Gold,1
1908,Russia,Silver,2
1908,South Africa,Bronze,0
1908,South Africa,Gold,1
1908,South Africa,Silver,1
1908,Sweden,Bronze,11
1908,Sweden,Gold,8
1908,Sweden,Silver,6
1908,UK,Bronze,37
1908,UK,Gold,56
1908,UK,Silver,50
1908,USA,Bronze,12
1908,USA,Gold,22
1908,USA,Silver,12
1912,Australia,Bronze,3
1912,Australia,Gold,2
1912,Australia,Silver,2
1912,Austria,Bronze,2
1912,Austria,Gold,0
1912,Austria,Silver,2
1912,Belgium,Bronze,3
1912,Belgium,Gold,2
1912,Belgium,Silver,1
1912,Canada,Bronze,3
1912,Canada,Gold,3
1912,Canada,Silver,2
1912,Denmark,Bronze,5
1912,Denmark,Gold,1
1912,Denmark,Silver,6
1912,Finland,Bronze,9
1912,Finland,Gold,9
1912,Finland,Silver,8
1912,France,Bronze,3
1912,France,Gold,7
1912,France,Silver,5
1912,Germany,Bronze,7
1912,Germany,Gold,6
1912,Germany,Silver,13
1912,Greece,Bronze,1
1912,Greece,Gold,1
1912,Greece,Silver,0
1912,Hungary,Bronze,3
1912,Hungary,Gold,3
1912,Hungary,Silver,2
1912,Italy,Bronze,2
1912,Italy,Gold,5
1912,Italy,Silver,1
1912,Netherlands,Bronze,3
1912,Netherlands,Gold,0
1912,Netherlands,Silver,0
1912,Norway,Bronze,5
1912,Norway,Gold,4
1912,Norway,Silver,1
1912,Russia,Bronze,3
1912,Russia,Gold,0
1912,Russia,Silver,2
1912,South Africa,Bronze,0
1912,South Africa,Gold,4
1912,South Africa,Silver,2
1912,Sweden,Bronze,17
1912,Sweden,Gold,24
1912,Sweden,Silver,24
1912,Switzerland,Bronze,0
1912,Switzerland,Gold,1
1912,Switzerland,Silver,0
1912,UK,Bronze,16
1912,UK,Gold,10
1912,UK,Silver,15
1912,USA,Bronze,19
1912,USA,Gold,26
1912,USA,Silver,18
1920,Australia,Bronze,1
1920,Australia,Gold,0
1920,Australia,Silver,2
1920,Belgium,Bronze,14
1920,Belgium,Gold,16
1920,Belgium,Silver,12
1920,Brazil,Bronze,1
1920,Brazil,Gold,1
1920,Brazil,Silver,1
1920,Canada,Bronze,3
1920,Canada,Gold,3
1920,Canada,Silver,3
1920,Czech Republic,Bronze,2
1920,Czech Republic,Gold,0
1920,Czech Republic,Silver,0
1920,Denmark,Bronze,1
1920,Denmark,Gold,3
1920,Denmark,Silver,9
1920,Estonia,Bronze,0
1920,Estonia,Gold,1
1920,Estonia,Silver,2
1920,Finland,Bronze,9
1920,Finland,Gold,15
1920,Finland,Silver,10
1920,France,Bronze,13
1920,France,Gold,9
1920,France,Silver,20
1920,Greece,Bronze,0
1920,Greece,Gold,0
1920,Greece,Silver,1
1920,Italy,Bronze,5
1920,Italy,Gold,14
1920,Italy,Silver,6
1920,Japan,Bronze,0
1920,Japan,Gold,0
1920,Japan,Silver,2
1920,Luxembourg,Bronze,0
1920,Luxembourg,Gold,0
1920,Luxembourg,Silver,1
1920,Netherlands,Bronze,5
1920,Netherlands,Gold,4
1920,Netherlands,Silver,2
1920,New Zealand,Bronze,1
1920,New Zealand,Gold,0
1920,New Zealand,Silver,0
1920,Norway,Bronze,9
1920,Norway,Gold,10
1920,Norway,Silver,10
1920,South Africa,Bronze,3
1920,South Africa,Gold,3
1920,South Africa,Silver,4
1920,Spain,Bronze,0
1920,Spain,Gold,0
1920,Spain,Silver,2
1920,Sweden,Bronze,25
1920,Sweden,Gold,19
1920,Sweden,Silver,20
1920,Switzerland,Bronze,7
1920,Switzerland,Gold,2
1920,Switzerland,Silver,2
1920,UK,Bronze,13
1920,UK,Gold,14
1920,UK,Silver,16
1920,USA,Bronze,27
1920,USA,Gold,41
1920,USA,Silver,27
1924,Argentina,Bronze,2
1924,Argentina,Gold,1
1924,Argentina,Silver,3
1924,Australia,Bronze,2
1924,Australia,Gold,4
1924,Australia,Silver,1
1924,Austria,Bronze,1
1924,Austria,Gold,2
1924,Austria,Silver,4
1924,Belgium,Bronze,4
1924,Belgium,Gold,3
1924,Belgium,Silver,7
1924,Canada,Bronze,1
1924,Canada,Gold,1
1924,Canada,Silver,3
1924,Czech Republic,Bronze,5
1924,Czech Republic,Gold,1
1924,Czech Republic,Silver,4
1924,Denmark,Bronze,3
1924,Denmark,Gold,2
1924,Denmark,Silver,6
1924,Estonia,Bronze,4
1924,Estonia,Gold,1
1924,Estonia,Silver,1
1924,Finland,Bronze,13
1924,Finland,Gold,18
1924,Finland,Silver,17
1924,France,Bronze,15
1924,France,Gold,14
1924,France,Silver,14
1924,Greece,Bronze,0
1924,Greece,Gold,1
1924,Greece,Silver,0
1924,Haiti,Bronze,1
1924,Haiti,Gold,0
1924,Haiti,Silver,0
1924,Hungary,Bronze,4
1924,Hungary,Gold,2
1924,Hungary,Silver,4
1924,India,Bronze,0
1924,India,Gold,1
1924,India,Silver,0
1924,Ireland,Bronze,1
1924,Ireland,Gold,0
1924,Ireland,Silver,1
1924,Italy,Bronze,5
1924,Italy,Gold,8
1924,Italy,Silver,3
1924,Japan,Bronze,1
1924,Japan,Gold,0
1924,Japan,Silver,0
1924,Luxembourg,Bronze,0
1924,Luxembourg,Gold,1
1924,Luxembourg,Silver,1
1924,Monaco,Bronze,1
1924,Monaco,Gold,0
1924,Monaco,Silver,0
1924,Nepal,Bronze,0
1924,Nepal,Gold,1
1924,Nepal,Silver,0
1924,Netherlands,Bronze,6
1924,Netherlands,Gold,4
1924,Netherlands,Silver,1
1924,New Zealand,Bronze,1
1924,New Zealand,Gold,0
1924,New Zealand,Silver,0
1924,Norway,Bronze,9
1924,Norway,Gold,9
1924,Norway,Silver,9
1924,Poland,Bronze,1
1924,Poland,Gold,0
1924,Poland,Silver,1
1924,Portugal,Bronze,1
1924,Portugal,Gold,0
1924,Portugal,Silver,0
1924,Romania,Bronze,1
1924,Romania,Gold,0
1924,Romania,Silver,0
1924,Serbia,Bronze,0
1924,Serbia,Gold,2
1924,Serbia,Silver,0
1924,South Africa,Bronze,1
1924,South Africa,Gold,1
1924,South Africa,Silver,1
1924,Sweden,Bronze,12
1924,Sweden,Gold,5
1924,Sweden,Silver,14
1924,Switzerland,Bronze,11
1924,Switzerland,Gold,9
1924,Switzerland,Silver,8
1924,UK,Bronze,14
1924,UK,Gold,11
1924,UK,Silver,15
1924,USA,Bronze,28
1924,USA,Gold,46
1924,USA,Silver,29
1924,Uruguay,Bronze,0
1924,Uruguay,Gold,1
1924,Uruguay,Silver,0
1928,Argentina,Bronze,1
1928,Argentina,Gold,3
1928,Argentina,Silver,3
1928,Australia,Bronze,1
1928,Australia,Gold,1
1928,Australia,Silver,2
1928,Austria,Bronze,2
1928,Austria,Gold,3
1928,Austria,Silver,3
1928,Belgium,Bronze,3
1928,Belgium,Gold,0
1928,Belgium,Silver,1
1928,Canada,Bronze,7
1928,Canada,Gold,5
1928,Canada,Silver,4
1928,Chile,Bronze,0
1928,Chile,Gold,0
1928,Chile,Silver,1
1928,Czech Republic,Bronze,3
1928,Czech Republic,Gold,2
1928,Czech Republic,Silver,5
1928,Denmark,Bronze,4
1928,Denmark,Gold,3
1928,Denmark,Silver,2
1928,Egypt,Bronze,1
1928,Egypt,Gold,2
1928,Egypt,Silver,1
1928,Estonia,Bronze,2
1928,Estonia,Gold,2
1928,Estonia,Silver,1
1928,Finland,Bronze,10
1928,Finland,Gold,10
1928,Finland,Silver,9
1928,France,Bronze,6
1928,France,Gold,8
1928,France,Silver,12
1928,Germany,Bronze,20
1928,Germany,Gold,11
1928,Germany,Silver,9
1928,Haiti,Bronze,0
1928,Haiti,Gold,0
1928,Haiti,Silver,1
1928,Hungary,Bronze,0
1928,Hungary,Gold,5
1928,Hungary,Silver,5
1928,India,Bronze,0
1928,India,Gold,1
1928,India,Silver,0
1928,Ireland,Bronze,0
1928,Ireland,Gold,1
1928,Ireland,Silver,0
1928,Italy,Bronze,7
1928,Italy,Gold,7
1928,Italy,Silver,6
1928,Japan,Bronze,1
1928,Japan,Gold,2
1928,Japan,Silver,2
1928,Luxembourg,Bronze,0
1928,Luxembourg,Gold,1
1928,Luxembourg,Silver,0
1928,Netherlands,Bronze,5
1928,Netherlands,Gold,8
1928,Netherlands,Silver,10
1928,New Zealand,Bronze,0
1928,New Zealand,Gold,1
1928,New Zealand,Silver,0
1928,Norway,Bronze,6
1928,Norway,Gold,7
1928,Norway,Silver,6
1928,Philippines,Bronze,1
1928,Philippines,Gold,0
1928,Philippines,Silver,0
1928,Poland,Bronze,4
1928,Poland,Gold,2
1928,Poland,Silver,1
1928,Portugal,Bronze,1
1928,Portugal,Gold,0
1928,Portugal,Silver,0
1928,Serbia,Bronze,3
1928,Serbia,Gold,1
1928,Serbia,Silver,1
1928,South Africa,Bronze,2
1928,South Africa,Gold,1
1928,South Africa,Silver,0
1928,Spain,Bronze,0
1928,Spain,Gold,1
1928,Spain,Silver,0
1928,Sweden,Bronze,13
1928,Sweden,Gold,9
1928,Sweden,Silver,8
1928,Switzerland,Bronze,5
1928,Switzerland,Gold,7
1928,Switzerland,Silver,6
1928,UK,Bronze,8
1928,UK,Gold,4
1928,UK,Silver,11
1928,USA,Bronze,18
1928,USA,Gold,24
1928,USA,Silver,20
1928,Uruguay,Bronze,0
1928,Uruguay,Gold,1
1928,Uruguay,Silver,0
1932,Argentina,Bronze,0
1932,Argentina,Gold,3
1932,Argentina,Silver,1
1932,Australia,Bronze,1
1932,Australia,Gold,3
1932,Australia,Silver,1
1932,Austria,Bronze,3
1932,Austria,Gold,2
1932,Austria,Silver,2
1932,Belgium,Bronze,1
1932,Belgium,Gold,0
1932,Belgium,Silver,0
1932,Canada,Bronze,14
1932,Canada,Gold,3
1932,Canada,Silver,6
1932,Czech Republic,Bronze,2
1932,Czech Republic,Gold,1
1932,Czech Republic,Silver,3
1932,Denmark,Bronze,3
1932,Denmark,Gold,0
1932,Denmark,Silver,5
1932,Finland,Bronze,13
1932,Finland,Gold,6
1932,Finland,Silver,9
1932,France,Bronze,4
1932,France,Gold,12
1932,France,Silver,5
1932,Germany,Bronze,9
1932,Germany,Gold,5
1932,Germany,Silver,12
1932,Hungary,Bronze,6
1932,Hungary,Gold,6
1932,Hungary,Silver,5
1932,India,Bronze,0
1932,India,Gold,1
1932,India,Silver,0
1932,Ireland,Bronze,0
1932,Ireland,Gold,2
1932,Ireland,Silver,0
1932,Italy,Bronze,12
1932,Italy,Gold,12
1932,Italy,Silver,12
1932,Japan,Bronze,4
1932,Japan,Gold,7
1932,Japan,Silver,7
1932,Latvia,Bronze,0
1932,Latvia,Gold,0
1932,Latvia,Silver,1
1932,Mexico,Bronze,0
1932,Mexico,Gold,0
1932,Mexico,Silver,2
1932,Netherlands,Bronze,1
1932,Netherlands,Gold,2
1932,Netherlands,Silver,5
1932,New Zealand,Bronze,0
1932,New Zealand,Gold,0
1932,New Zealand,Silver,1
1932,Norway,Bronze,3
1932,Norway,Gold,3
1932,Norway,Silver,4
1932,Philippines,Bronze,3
1932,Philippines,Gold,0
1932,Philippines,Silver,0
1932,Poland,Bronze,4
1932,Poland,Gold,3
1932,Poland,Silver,2
1932,South Africa,Bronze,3
1932,South Africa,Gold,2
1932,South Africa,Silver,0
1932,Spain,Bronze,1
1932,Spain,Gold,0
1932,Spain,Silver,0
1932,Sweden,Bronze,9
1932,Sweden,Gold,11
1932,Sweden,Silver,7
1932,Switzerland,Bronze,0
1932,Switzerland,Gold,0
1932,Switzerland,Silver,2
1932,UK,Bronze,5
1932,UK,Gold,5
1932,UK,Silver,7
1932,USA,Bronze,32
1932,USA,Gold,50
1932,USA,Silver,40
1932,Uruguay,Bronze,1
1932,Uruguay,Gold,0
1932,Uruguay,Silver,0
1936,Argentina,Bronze,3
1936,Argentina,Gold,2
1936,Argentina,Silver,2
1936,Australia,Bronze,1
1936,Australia,Gold,0
1936,Australia,Silver,0
1936,Austria,Bronze,7
1936,Austria,Gold,6
1936,Austria,Silver,8
1936,Belgium,Bronze,3
1936,Belgium,Gold,0
1936,Belgium,Silver,0
1936,Canada,Bronze,5
1936,Canada,Gold,1
1936,Canada,Silver,4
1936,Czech Republic,Bronze,1
1936,Czech Republic,Gold,3
1936,Czech Republic,Silver,5
1936,Denmark,Bronze,3
1936,Denmark,Gold,0
1936,Denmark,Silver,2
1936,Egypt,Bronze,2
1936,Egypt,Gold,2
1936,Egypt,Silver,1
1936,Estonia,Bronze,3
1936,Estonia,Gold,2
1936,Estonia,Silver,2
1936,Finland,Bronze,9
1936,Finland,Gold,9
1936,Finland,Silver,8
1936,France,Bronze,7
1936,France,Gold,7
1936,France,Silver,6
1936,Germany,Bronze,32
1936,Germany,Gold,41
1936,Germany,Silver,34
1936,Hungary,Bronze,6
1936,Hungary,Gold,10
1936,Hungary,Silver,1
1936,India,Bronze,0
1936,India,Gold,1
1936,India,Silver,0
1936,Italy,Bronze,5
1936,Italy,Gold,9
1936,Italy,Silver,13
1936,Japan,Bronze,10
1936,Japan,Gold,6
1936,Japan,Silver,4
1936,Latvia,Bronze,1
1936,Latvia,Gold,0
1936,Latvia,Silver,1
1936,Mexico,Bronze,3
1936,Mexico,Gold,0
1936,Mexico,Silver,0
1936,Netherlands,Bronze,7
1936,Netherlands,Gold,6
1936,Netherlands,Silver,4
1936,New Zealand,Bronze,0
1936,New Zealand,Gold,1
1936,New Zealand,Silver,0
1936,Norway,Bronze,5
1936,Norway,Gold,8
1936,Norway,Silver,8
1936,Philippines,Bronze,1
1936,Philippines,Gold,0
1936,Philippines,Silver,0
1936,Poland,Bronze,5
1936,Poland,Gold,0
1936,Poland,Silver,4
1936,Portugal,Bronze,1
1936,Portugal,Gold,0
1936,Portugal,Silver,0
1936,Romania,Bronze,0
1936,Romania,Gold,0
1936,Romania,Silver,1
1936,Serbia,Bronze,0
1936,Serbia,Gold,0
1936,Serbia,Silver,1
1936,South Africa,Bronze,0
1936,South Africa,Gold,0
1936,South Africa,Silver,1
1936,Sweden,Bronze,13
1936,Sweden,Gold,8
1936,Sweden,Silver,7
1936,Switzerland,Bronze,5
1936,Switzerland,Gold,5
1936,Switzerland,Silver,11
1936,Turkey,Bronze,1
1936,Turkey,Gold,1
1936,Turkey,Silver,0
1936,UK,Bronze,4
1936,UK,Gold,5
1936,UK,Silver,8
1936,USA,Bronze,15
1936,USA,Gold,25
1936,USA,Silver,21
1948,Argentina,Bronze,1
1948,Argentina,Gold,3
1948,Argentina,Silver,3
1948,Australia,Bronze,5
1948,Australia,Gold,2
1948,Australia,Silver,6
1948,Austria,Bronze,8
1948,Austria,Gold,3
1948,Austria,Silver,5
1948,Belgium,Bronze,3
1948,Belgium,Gold,3
1948,Belgium,Silver,3
1948,Brazil,Bronze,1
1948,Brazil,Gold,0
1948,Brazil,Silver,0
1948,Canada,Bronze,3
1948,Canada,Gold,2
1948,Canada,Silver,2
1948,Cuba,Bronze,0
1948,Cuba,Gold,0
1948,Cuba,Silver,1
1948,Czech Republic,Bronze,3
1948,Czech Republic,Gold,6
1948,Czech Republic,Silver,3
1948,Denmark,Bronze,9
1948,Denmark,Gold,5
1948,Denmark,Silver,8
1948,Egypt,Bronze,1
1948,Egypt,Gold,2
1948,Egypt,Silver,2
1948,Finland,Bronze,8
1948,Finland,Gold,9
1948,Finland,Silver,11
1948,France,Bronze,17
1948,France,Gold,13
1948,France,Silver,7
1948,Hungary,Bronze,12
1948,Hungary,Gold,10
1948,Hungary,Silver,6
1948,India,Bronze,0
1948,India,Gold,1
1948,India,Silver,0
1948,Iran,Bronze,1
1948,Iran,Gold,0
1948,Iran,Silver,0
1948,Ireland,Bronze,1
1948,Ireland,Gold,0
1948,Ireland,Silver,0
1948,Italy,Bronze,10
1948,Italy,Gold,10
1948,Italy,Silver,12
1948,Jamaica,Bronze,0
1948,Jamaica,Gold,1
1948,Jamaica,Silver,2
1948,Mexico,Bronze,2
1948,Mexico,Gold,2
1948,Mexico,Silver,1
1948,Netherlands,Bronze,9
1948,Netherlands,Gold,5
1948,Netherlands,Silver,2
1948,Norway,Bronze,6
1948,Norway,Gold,5
1948,Norway,Silver,6
1948,Panama,Bronze,2
1948,Panama,Gold,0
1948,Panama,Silver,0
1948,Peru,Bronze,0
1948,Peru,Gold,1
1948,Peru,Silver,0
1948,Poland,Bronze,1
1948,Poland,Gold,1
1948,Poland,Silver,0
1948,Portugal,Bronze,1
1948,Portugal,Gold,0
1948,Portugal,Silver,1
1948,Puerto Rico,Bronze,1
1948,Puerto Rico,Gold,0
1948,Puerto Rico,Silver,0
1948,Serbia,Bronze,0
1948,Serbia,Gold,0
1948,Serbia,Silver,2
1948,South Africa,Bronze,2
1948,South Africa,Gold,2
1948,South Africa,Silver,2
1948,South Korea,Bronze,2
1948,South Korea,Gold,0
1948,South Korea,Silver,0
1948,Spain,Bronze,0
1948,Spain,Gold,0
1948,Spain,Silver,1
1948,Sri Lanka,Bronze,0
1948,Sri Lanka,Gold,0
1948,Sri Lanka,Silver,1
1948,Sweden,Bronze,21
1948,Sweden,Gold,21
1948,Sweden,Silver,14
1948,Switzerland,Bronze,7
1948,Switzerland,Gold,8
1948,Switzerland,Silver,16
1948,Trinidad,Bronze,0
1948,Trinidad,Gold,0
1948,Trinidad,Silver,1
1948,Turkey,Bronze,2
1948,Turkey,Gold,6
1948,Turkey,Silver,4
1948,UK,Bronze,9
1948,UK,Gold,4
1948,UK,Silver,16
1948,USA,Bronze,21
1948,USA,Gold,41
1948,USA,Silver,30
1948,Uruguay,Bronze,1
1948,Uruguay,Gold,0
1948,Uruguay,Silver,1
1952,Argentina,Bronze,2
1952,Argentina,Gold,1
1952,Argentina,Silver,2
1952,Australia,Bronze,3
1952,Australia,Gold,6
1952,Australia,Silver,2
1952,Austria,Bronze,3
1952,Austria,Gold,2
1952,Austria,Silver,5
1952,Belgium,Bronze,0
1952,Belgium,Gold,2
1952,Belgium,Silver,2
1952,Brazil,Bronze,2
1952,Brazil,Gold,1
1952,Brazil,Silver,0
1952,Bulgaria,Bronze,1
1952,Bulgaria,Gold,0
1952,Bulgaria,Silver,0
1952,Canada,Bronze,1
1952,Canada,Gold,2
1952,Canada,Silver,2
1952,Chile,Bronze,0
1952,Chile,Gold,0
1952,Chile,Silver,2
1952,Czech Republic,Bronze,3
1952,Czech Republic,Gold,7
1952,Czech Republic,Silver,3
1952,Denmark,Bronze,3
1952,Denmark,Gold,2
1952,Denmark,Silver,1
1952,Egypt,Bronze,1
1952,Egypt,Gold,0
1952,Egypt,Silver,0
1952,Finland,Bronze,15
1952,Finland,Gold,9
1952,Finland,Silver,7
1952,France,Bronze,7
1952,France,Gold,6
1952,France,Silver,6
1952,Germany,Bronze,19
1952,Germany,Gold,3
1952,Germany,Silver,9
1952,Hungary,Bronze,17
1952,Hungary,Gold,16
1952,Hungary,Silver,10
1952,India,Bronze,1
1952,India,Gold,1
1952,India,Silver,0
1952,Iran,Bronze,4
1952,Iran,Gold,0
1952,Iran,Silver,3
1952,Ireland,Bronze,0
1952,Ireland,Gold,0
1952,Ireland,Silver,1
1952,Italy,Bronze,5
1952,Italy,Gold,9
1952,Italy,Silver,9
1952,Jamaica,Bronze,0
1952,Jamaica,Gold,2
1952,Jamaica,Silver,3
1952,Japan,Bronze,1
1952,Japan,Gold,1
1952,Japan,Silver,6
1952,Lebanon,Bronze,1
1952,Lebanon,Gold,0
1952,Lebanon,Silver,1
1952,Luxembourg,Bronze,0
1952,Luxembourg,Gold,1
1952,Luxembourg,Silver,0
1952,Mexico,Bronze,0
1952,Mexico,Gold,0
1952,Mexico,Silver,1
1952,Netherlands,Bronze,0
1952,Netherlands,Gold,0
1952,Netherlands,Silver,8
1952,New Zealand,Bronze,2
1952,New Zealand,Gold,1
1952,New Zealand,Silver,0
1952,Norway,Bronze,6
1952,Norway,Gold,10
1952,Norway,Silver,5
1952,Poland,Bronze,1
1952,Poland,Gold,1
1952,Poland,Silver,2
1952,Portugal,Bronze,1
1952,Portugal,Gold,0
1952,Portugal,Silver,0
1952,Romania,Bronze,2
1952,Romania,Gold,1
1952,Romania,Silver,1
1952,Russia,Bronze,19
1952,Russia,Gold,22
1952,Russia,Silver,29
1952,Serbia,Bronze,0
1952,Serbia,Gold,1
1952,Serbia,Silver,2
1952,South Africa,Bronze,4
1952,South Africa,Gold,2
1952,South Africa,Silver,4
1952,South Korea,Bronze,2
1952,South Korea,Gold,0
1952,South Korea,Silver,0
1952,Spain,Bronze,0
1952,Spain,Gold,0
1952,Spain,Silver,1
1952,Sweden,Bronze,14
1952,Sweden,Gold,12
1952,Sweden,Silver,13
1952,Switzerland,Bronze,8
1952,Switzerland,Gold,2
1952,Switzerland,Silver,6
1952,Trinidad,Bronze,2
1952,Trinidad,Gold,0
1952,Trinidad,Silver,0
1952,Turkey,Bronze,1
1952,Turkey,Gold,2
1952,Turkey,Silver,0
1952,UK,Bronze,8
1952,UK,Gold,2
1952,UK,Silver,2
1952,USA,Bronze,18
1952,USA,Gold,44
1952,USA,Silver,25
1952,Uruguay,Bronze,2
1952,Uruguay,Gold,0
1952,Uruguay,Silver,0
1952,Venezuela,Bronze,1
1952,Venezuela,Gold,0
1952,Venezuela,Silver,0
1956,Argentina,Bronze,1
1956,Argentina,Gold,0
1956,Argentina,Silver,1
1956,Australia,Bronze,14
1956,Australia,Gold,13
1956,Australia,Silver,8
1956,Austria,Bronze,6
1956,Austria,Gold,4
1956,Austria,Silver,3
1956,Bahamas,Bronze,1
1956,Bahamas,Gold,0
1956,Bahamas,Silver,0
1956,Belgium,Bronze,0
1956,Belgium,Gold,0
1956,Belgium,Silver,2
1956,Brazil,Bronze,0
1956,Brazil,Gold,1
1956,Brazil,Silver,0
1956,Bulgaria,Bronze,1
1956,Bulgaria,Gold,1
1956,Bulgaria,Silver,3
1956,Canada,Bronze,5
1956,Canada,Gold,2
1956,Canada,Silver,2
1956,Chile,Bronze,2
1956,Chile,Gold,0
1956,Chile,Silver,2
1956,Czech Republic,Bronze,1
1956,Czech Republic,Gold,1
1956,Czech Republic,Silver,4
1956,Denmark,Bronze,1
1956,Denmark,Gold,1
1956,Denmark,Silver,2
1956,Finland,Bronze,12
1956,Finland,Gold,6
1956,Finland,Silver,4
1956,France,Bronze,6
1956,France,Gold,4
1956,France,Silver,4
1956,Germany,Bronze,8
1956,Germany,Gold,7
1956,Germany,Silver,13
1956,Greece,Bronze,1
1956,Greece,Gold,0
1956,Greece,Silver,0
1956,Hungary,Bronze,8
1956,Hungary,Gold,9
1956,Hungary,Silver,10
1956,Iceland,Bronze,0
1956,Iceland,Gold,0
1956,Iceland,Silver,1
1956,India,Bronze,0
1956,India,Gold,1
1956,India,Silver,0
1956,Iran,Bronze,1
1956,Iran,Gold,2
1956,Iran,Silver,2
1956,Ireland,Bronze,3
1956,Ireland,Gold,1
1956,Ireland,Silver,1
1956,Italy,Bronze,9
1956,Italy,Gold,9
1956,Italy,Silver,10
1956,Japan,Bronze,3
1956,Japan,Gold,4
1956,Japan,Silver,11
1956,Mexico,Bronze,1
1956,Mexico,Gold,1
1956,Mexico,Silver,0
1956,New Zealand,Bronze,0
1956,New Zealand,Gold,2
1956,New Zealand,Silver,0
1956,Norway,Bronze,3
1956,Norway,Gold,3
1956,Norway,Silver,1
1956,Pakistan,Bronze,0
1956,Pakistan,Gold,0
1956,Pakistan,Silver,1
1956,Poland,Bronze,5
1956,Poland,Gold,1
1956,Poland,Silver,4
1956,Romania,Bronze,5
1956,Romania,Gold,5
1956,Romania,Silver,3
1956,Russia,Bronze,38
1956,Russia,Gold,43
1956,Russia,Silver,32
1956,Serbia,Bronze,0
1956,Serbia,Gold,0
1956,Serbia,Silver,3
1956,South Africa,Bronze,4
1956,South Africa,Gold,0
1956,South Africa,Silver,0
1956,South Korea,Bronze,1
1956,South Korea,Gold,0
1956,South Korea,Silver,1
1956,Sweden,Bronze,10
1956,Sweden,Gold,10
1956,Sweden,Silver,9
1956,Switzerland,Bronze,2
1956,Switzerland,Gold,3
1956,Switzerland,Silver,2
1956,Turkey,Bronze,2
1956,Turkey,Gold,3
1956,Turkey,Silver,2
1956,UK,Bronze,11
1956,UK,Gold,6
1956,UK,Silver,7
1956,USA,Bronze,19
1956,USA,Gold,34
1956,USA,Silver,28
1956,Uruguay,Bronze,1
1956,Uruguay,Gold,0
1956,Uruguay,Silver,0
1960,Argentina,Bronze,1
1960,Argentina,Gold,0
1960,Argentina,Silver,1
1960,Australia,Bronze,6
1960,Australia,Gold,8
1960,Australia,Silver,8
1960,Austria,Bronze,3
1960,Austria,Gold,2
1960,Austria,Silver,3
1960,Belgium,Bronze,2
1960,Belgium,Gold,0
1960,Belgium,Silver,2
1960,Brazil,Bronze,2
1960,Brazil,Gold,0
1960,Brazil,Silver,0
1960,Bulgaria,Bronze,3
1960,Bulgaria,Gold,1
1960,Bulgaria,Silver,3
1960,Canada,Bronze,1
1960,Canada,Gold,2
1960,Canada,Silver,2
1960,Czech Republic,Bronze,3
1960,Czech Republic,Gold,3
1960,Czech Republic,Silver,3
1960,Denmark,Bronze,1
1960,Denmark,Gold,2
1960,Denmark,Silver,3
1960,Ethiopia,Bronze,0
1960,Ethiopia,Gold,1
1960,Ethiopia,Silver,0
1960,Finland,Bronze,6
1960,Finland,Gold,3
1960,Finland,Silver,4
1960,France,Bronze,5
1960,France,Gold,1
1960,France,Silver,2
1960,Germany,Bronze,12
1960,Germany,Gold,16
1960,Germany,Silver,22
1960,Ghana,Bronze,0
1960,Ghana,Gold,0
1960,Ghana,Silver,1
1960,Greece,Bronze,0
1960,Greece,Gold,1
1960,Greece,Silver,0
1960,Hungary,Bronze,7
1960,Hungary,Gold,6
1960,Hungary,Silver,8
1960,India,Bronze,0
1960,India,Gold,0
1960,India,Silver,1
1960,Iran,Bronze,3
1960,Iran,Gold,0
1960,Iran,Silver,1
1960,Iraq,Bronze,1
1960,Iraq,Gold,0
1960,Iraq,Silver,0
1960,Italy,Bronze,14
1960,Italy,Gold,13
1960,Italy,Silver,10
1960,Japan,Bronze,7
1960,Japan,Gold,4
1960,Japan,Silver,7
1960,Mexico,Bronze,1
1960,Mexico,Gold,0
1960,Mexico,Silver,0
1960,Morocco,Bronze,0
1960,Morocco,Gold,0
1960,Morocco,Silver,1
1960,Netherlands,Bronze,3
1960,Netherlands,Gold,0
1960,Netherlands,Silver,2
1960,New Zealand,Bronze,1
1960,New Zealand,Gold,2
1960,New Zealand,Silver,0
1960,Norway,Bronze,0
1960,Norway,Gold,4
1960,Norway,Silver,3
1960,Pakistan,Bronze,1
1960,Pakistan,Gold,1
1960,Pakistan,Silver,0
1960,Poland,Bronze,12
1960,Poland,Gold,4
1960,Poland,Silver,7
1960,Portugal,Bronze,0
1960,Portugal,Gold,0
1960,Portugal,Silver,1
1960,Romania,Bronze,6
1960,Romania,Gold,3
1960,Romania,Silver,1
1960,Russia,Bronze,40
1960,Russia,Gold,50
1960,Russia,Silver,34
1960,Serbia,Bronze,0
1960,Serbia,Gold,1
1960,Serbia,Silver,1
1960,South Africa,Bronze,2
1960,South Africa,Gold,0
1960,South Africa,Silver,1
1960,Spain,Bronze,1
1960,Spain,Gold,0
1960,Spain,Silver,0
1960,Sweden,Bronze,5
1960,Sweden,Gold,4
1960,Sweden,Silver,4
1960,Switzerland,Bronze,3
1960,Switzerland,Gold,2
1960,Switzerland,Silver,3
1960,Syria,Bronze,1
1960,Syria,Gold,0
1960,Syria,Silver,1
1960,Taiwan,Bronze,0
1960,Taiwan,Gold,0
1960,Taiwan,Silver,1
1960,Trinidad,Bronze,2
1960,Trinidad,Gold,0
1960,Trinidad,Silver,0
1960,Turkey,Bronze,0
1960,Turkey,Gold,7
1960,Turkey,Silver,2
1960,UK,Bronze,12
1960,UK,Gold,2
1960,UK,Silver,6
1960,USA,Bronze,19
1960,USA,Gold,37
1960,USA,Silver,25
1960,Venezuela,Bronze,1
1960,Venezuela,Gold,0
1960,Venezuela,Silver,0
1964,Argentina,Bronze,0
1964,Argentina,Gold,0
1964,Argentina,Silver,1
1964,Australia,Bronze,10
1964,Australia,Gold,6
1964,Australia,Silver,2
1964,Austria,Bronze,3
1964,Austria,Gold,4
1964,Austria,Silver,5
1964,Bahamas,Bronze,0
1964,Bahamas,Gold,1
1964,Bahamas,Silver,0
1964,Belgium,Bronze,1
1964,Belgium,Gold,2
1964,Belgium,Silver,0
1964,Brazil,Bronze,1
1964,Brazil,Gold,0
1964,Brazil,Silver,0
1964,Bulgaria,Bronze,2
1964,Bulgaria,Gold,3
1964,Bulgaria,Silver,5
1964,Canada,Bronze,2
1964,Canada,Gold,2
1964,Canada,Silver,3
1964,Cuba,Bronze,0
1964,Cuba,Gold,0
1964,Cuba,Silver,1
1964,Czech Republic,Bronze,4
1964,Czech Republic,Gold,5
1964,Czech Republic,Silver,6
1964,Denmark,Bronze,3
1964,Denmark,Gold,2
1964,Denmark,Silver,1
1964,Ethiopia,Bronze,0
1964,Ethiopia,Gold,1
1964,Ethiopia,Silver,0
1964,Finland,Bronze,5
1964,Finland,Gold,6
1964,Finland,Silver,4
1964,France,Bronze,6
1964,France,Gold,4
1964,France,Silver,12
1964,Germany,Bronze,21
1964,Germany,Gold,13
1964,Germany,Silver,25
1964,Ghana,Bronze,1
1964,Ghana,Gold,0
1964,Ghana,Silver,0
1964,Hungary,Bronze,5
1964,Hungary,Gold,10
1964,Hungary,Silver,7
1964,India,Bronze,0
1964,India,Gold,1
1964,India,Silver,0
1964,Iran,Bronze,2
1964,Iran,Gold,0
1964,Iran,Silver,0
1964,Ireland,Bronze,1
1964,Ireland,Gold,0
1964,Ireland,Silver,0
1964,Italy,Bronze,10
1964,Italy,Gold,10
1964,Italy,Silver,11
1964,Japan,Bronze,8
1964,Japan,Gold,16
1964,Japan,Silver,5
1964,Kenya,Bronze,1
1964,Kenya,Gold,0
1964,Kenya,Silver,0
1964,Mexico,Bronze,1
1964,Mexico,Gold,0
1964,Mexico,Silver,0
1964,Netherlands,Bronze,4
1964,Netherlands,Gold,3
1964,Netherlands,Silver,5
1964,New Zealand,Bronze,2
1964,New Zealand,Gold,3
1964,New Zealand,Silver,0
1964,Nigeria,Bronze,1
1964,Nigeria,Gold,0
1964,Nigeria,Silver,0
1964,North Korea,Bronze,0
1964,North Korea,Gold,0
1964,North Korea,Silver,1
1964,Norway,Bronze,6
1964,Norway,Gold,3
1964,Norway,Silver,6
1964,Pakistan,Bronze,0
1964,Pakistan,Gold,0
1964,Pakistan,Silver,1
1964,Philippines,Bronze,0
1964,Philippines,Gold,0
1964,Philippines,Silver,1
1964,Poland,Bronze,10
1964,Poland,Gold,7
1964,Poland,Silver,6
1964,Romania,Bronze,6
1964,Romania,Gold,2
1964,Romania,Silver,4
1964,Russia,Bronze,39
1964,Russia,Gold,41
1964,Russia,Silver,37
1964,Serbia,Bronze,2
1964,Serbia,Gold,2
1964,Serbia,Silver,1
1964,South Korea,Bronze,1
1964,South Korea,Gold,0
1964,South Korea,Silver,2
1964,Sweden,Bronze,5
1964,Sweden,Gold,5
1964,Sweden,Silver,5
1964,Switzerland,Bronze,1
1964,Switzerland,Gold,1
1964,Switzerland,Silver,2
1964,Trinidad,Bronze,2
1964,Trinidad,Gold,0
1964,Trinidad,Silver,1
1964,Tunisia,Bronze,1
1964,Tunisia,Gold,0
1964,Tunisia,Silver,1
1964,Turkey,Bronze,1
1964,Turkey,Gold,2
1964,Turkey,Silver,3
1964,UK,Bronze,2
1964,UK,Gold,5
1964,UK,Silver,12
1964,USA,Bronze,32
1964,USA,Gold,37
1964,USA,Silver,28
1964,Uruguay,Bronze,1
1964,Uruguay,Gold,0
1964,Uruguay,Silver,0
1968,Argentina,Bronze,2
1968,Argentina,Gold,0
1968,Argentina,Silver,0
1968,Australia,Bronze,5
1968,Australia,Gold,5
1968,Australia,Silver,7
1968,Austria,Bronze,6
1968,Austria,Gold,3
1968,Austria,Silver,6
1968,Belgium,Bronze,1
1968,Belgium,Gold,0
1968,Belgium,Silver,1
1968,Brazil,Bronze,2
1968,Brazil,Gold,0
1968,Brazil,Silver,1
1968,Bulgaria,Bronze,3
1968,Bulgaria,Gold,2
1968,Bulgaria,Silver,4
1968,Cameroon,Bronze,0
1968,Cameroon,Gold,0
1968,Cameroon,Silver,1
1968,Canada,Bronze,2
1968,Canada,Gold,2
1968,Canada,Silver,4
1968,Cuba,Bronze,0
1968,Cuba,Gold,0
1968,Cuba,Silver,4
1968,Czech Republic,Bronze,5
1968,Czech Republic,Gold,8
1968,Czech Republic,Silver,4
1968,Denmark,Bronze,3
1968,Denmark,Gold,1
1968,Denmark,Silver,4
1968,Ethiopia,Bronze,0
1968,Ethiopia,Gold,1
1968,Ethiopia,Silver,1
1968,Finland,Bronze,3
1968,Finland,Gold,2
1968,Finland,Silver,4
1968,France,Bronze,7
1968,France,Gold,11
1968,France,Silver,6
1968,Germany,Bronze,22
1968,Germany,Gold,17
1968,Germany,Silver,24
1968,Greece,Bronze,1
1968,Greece,Gold,0
1968,Greece,Silver,0
1968,Hungary,Bronze,12
1968,Hungary,Gold,10
1968,Hungary,Silver,10
1968,India,Bronze,1
1968,India,Gold,0
1968,India,Silver,0
1968,Iran,Bronze,2
1968,Iran,Gold,2
1968,Iran,Silver,1
1968,Italy,Bronze,9
1968,Italy,Gold,7
1968,Italy,Silver,4
1968,Jamaica,Bronze,0
1968,Jamaica,Gold,0
1968,Jamaica,Silver,1
1968,Japan,Bronze,7
1968,Japan,Gold,11
1968,Japan,Silver,7
1968,Kenya,Bronze,2
1968,Kenya,Gold,3
1968,Kenya,Silver,4
1968,Mexico,Bronze,3
1968,Mexico,Gold,3
1968,Mexico,Silver,3
1968,Mongolia,Bronze,3
1968,Mongolia,Gold,0
1968,Mongolia,Silver,1
1968,Netherlands,Bronze,4
1968,Netherlands,Gold,6
1968,Netherlands,Silver,6
1968,New Zealand,Bronze,2
1968,New Zealand,Gold,1
1968,New Zealand,Silver,0
1968,Norway,Bronze,2
1968,Norway,Gold,7
1968,Norway,Silver,7
1968,Pakistan,Bronze,0
1968,Pakistan,Gold,1
1968,Pakistan,Silver,0
1968,Poland,Bronze,11
1968,Poland,Gold,5
1968,Poland,Silver,2
1968,Romania,Bronze,6
1968,Romania,Gold,4
1968,Romania,Silver,6
1968,Russia,Bronze,33
1968,Russia,Gold,34
1968,Russia,Silver,37
1968,Serbia,Bronze,2
1968,Serbia,Gold,3
1968,Serbia,Silver,3
1968,South Korea,Bronze,1
1968,South Korea,Gold,0
1968,South Korea,Silver,1
1968,Sweden,Bronze,4
1968,Sweden,Gold,5
1968,Sweden,Silver,3
1968,Switzerland,Bronze,8
1968,Switzerland,Gold,0
1968,Switzerland,Silver,3
1968,Taiwan,Bronze,1
1968,Taiwan,Gold,0
1968,Taiwan,Silver,0
1968,Tunisia,Bronze,1
1968,Tunisia,Gold,1
1968,Tunisia,Silver,0
1968,Turkey,Bronze,0
1968,Turkey,Gold,2
1968,Turkey,Silver,0
1968,UK,Bronze,3
1968,UK,Gold,5
1968,UK,Silver,5
1968,USA,Bronze,35
1968,USA,Gold,46
1968,USA,Silver,31
1968,Uganda,Bronze,1
1968,Uganda,Gold,0
1968,Uganda,Silver,1
1968,Venezuela,Bronze,0
1968,Venezuela,Gold,1
1968,Venezuela,Silver,0
1972,Argentina,Bronze,0
1972,Argentina,Gold,0
1972,Argentina,Silver,1
1972,Australia,Bronze,2
1972,Australia,Gold,8
1972,Australia,Silver,7
1972,Austria,Bronze,4
1972,Austria,Gold,1
1972,Austria,Silver,3
1972,Belgium,Bronze,0
1972,Belgium,Gold,0
1972,Belgium,Silver,2
1972,Brazil,Bronze,2
1972,Brazil,Gold,0
1972,Brazil,Silver,0
1972,Bulgaria,Bronze,5
1972,Bulgaria,Gold,6
1972,Bulgaria,Silver,10
1972,Canada,Bronze,3
1972,Canada,Gold,0
1972,Canada,Silver,3
1972,Colombia,Bronze,2
1972,Colombia,Gold,0
1972,Colombia,Silver,1
1972,Cuba,Bronze,4
1972,Cuba,Gold,3
1972,Cuba,Silver,1
1972,Czech Republic,Bronze,4
1972,Czech Republic,Gold,3
1972,Czech Republic,Silver,4
1972,Denmark,Bronze,0
1972,Denmark,Gold,1
1972,Denmark,Silver,0
1972,Ethiopia,Bronze,2
1972,Ethiopia,Gold,0
1972,Ethiopia,Silver,0
1972,Finland,Bronze,5
1972,Finland,Gold,3
1972,Finland,Silver,5
1972,France,Bronze,9
1972,France,Gold,2
1972,France,Silver,5
1972,Germany,Bronze,47
1972,Germany,Gold,40
1972,Germany,Silver,38
1972,Ghana,Bronze,1
1972,Ghana,Gold,0
1972,Ghana,Silver,0
1972,Greece,Bronze,0
1972,Greece,Gold,0
1972,Greece,Silver,2
1972,Hungary,Bronze,16
1972,Hungary,Gold,6
1972,Hungary,Silver,13
1972,India,Bronze,1
1972,India,Gold,0
1972,India,Silver,0
1972,Iran,Bronze,1
1972,Iran,Gold,0
1972,Iran,Silver,2
1972,Italy,Bronze,11
1972,Italy,Gold,7
1972,Italy,Silver,5
1972,Jamaica,Bronze,1
1972,Jamaica,Gold,0
1972,Jamaica,Silver,0
1972,Japan,Bronze,9
1972,Japan,Gold,14
1972,Japan,Silver,9
1972,Kenya,Bronze,4
1972,Kenya,Gold,2
1972,Kenya,Silver,3
1972,Lebanon,Bronze,0
1972,Lebanon,Gold,0
1972,Lebanon,Silver,1
1972,Mexico,Bronze,0
1972,Mexico,Gold,0
1972,Mexico,Silver,1
1972,Mongolia,Bronze,0
1972,Mongolia,Gold,0
1972,Mongolia,Silver,1
1972,Netherlands,Bronze,3
1972,Netherlands,Gold,7
1972,Netherlands,Silver,4
1972,New Zealand,Bronze,1
1972,New Zealand,Gold,1
1972,New Zealand,Silver,1
1972,Niger,Bronze,1
1972,Niger,Gold,0
1972,Niger,Silver,0
1972,Nigeria,Bronze,1
1972,Nigeria,Gold,0
1972,Nigeria,Silver,0
1972,North Korea,Bronze,3
1972,North Korea,Gold,1
1972,North Korea,Silver,1
1972,Norway,Bronze,6
1972,Norway,Gold,4
1972,Norway,Silver,6
1972,Pakistan,Bronze,0
1972,Pakistan,Gold,0
1972,Pakistan,Silver,1
1972,Poland,Bronze,9
1972,Poland,Gold,8
1972,Poland,Silver,5
1972,Romania,Bronze,7
1972,Romania,Gold,3
1972,Romania,Silver,6
1972,Russia,Bronze,25
1972,Russia,Gold,58
1972,Russia,Silver,32
1972,Serbia,Bronze,2
1972,Serbia,Gold,2
1972,Serbia,Silver,1
1972,South Korea,Bronze,0
1972,South Korea,Gold,0
1972,South Korea,Silver,1
1972,Spain,Bronze,1
1972,Spain,Gold,1
1972,Spain,Silver,0
1972,Sweden,Bronze,8
1972,Sweden,Gold,5
1972,Sweden,Silver,7
1972,Switzerland,Bronze,3
1972,Switzerland,Gold,4
1972,Switzerland,Silver,6
1972,Tunisia,Bronze,0
1972,Tunisia,Gold,0
1972,Tunisia,Silver,1
1972,Turkey,Bronze,0
1972,Turkey,Gold,0
1972,Turkey,Silver,1
1972,UK,Bronze,9
1972,UK,Gold,4
1972,UK,Silver,5
1972,USA,Bronze,33
1972,USA,Gold,36
1972,USA,Silver,33
1972,Uganda,Bronze,0
1972,Uganda,Gold,1
1972,Uganda,Silver,1
1976,Australia,Bronze,4
1976,Australia,Gold,0
1976,Australia,Silver,1
1976,Austria,Bronze,3
1976,Austria,Gold,2
1976,Austria,Silver,2
1976,Belgium,Bronze,3
1976,Belgium,Gold,0
1976,Belgium,Silver,3
1976,Bermuda,Bronze,1
1976,Bermuda,Gold,0
1976,Bermuda,Silver,0
1976,Brazil,Bronze,2
1976,Brazil,Gold,0
1976,Brazil,Silver,0
1976,Bulgaria,Bronze,7
1976,Bulgaria,Gold,6
1976,Bulgaria,Silver,9
1976,Canada,Bronze,7
1976,Canada,Gold,1
1976,Canada,Silver,6
1976,Cuba,Bronze,3
1976,Cuba,Gold,6
1976,Cuba,Silver,4
1976,Czech Republic,Bronze,4
1976,Czech Republic,Gold,2
1976,Czech Republic,Silver,3
1976,Denmark,Bronze,2
1976,Denmark,Gold,1
1976,Denmark,Silver,0
1976,Finland,Bronze,1
1976,Finland,Gold,6
1976,Finland,Silver,6
1976,France,Bronze,5
1976,France,Gold,2
1976,France,Silver,3
1976,Germany,Bronze,52
1976,Germany,Gold,59
1976,Germany,Silver,47
1976,Hungary,Bronze,13
1976,Hungary,Gold,4
1976,Hungary,Silver,5
1976,Iran,Bronze,1
1976,Iran,Gold,0
1976,Iran,Silver,1
1976,Italy,Bronze,5
1976,Italy,Gold,3
1976,Italy,Silver,9
1976,Jamaica,Bronze,0
1976,Jamaica,Gold,1
1976,Jamaica,Silver,1
1976,Japan,Bronze,10
1976,Japan,Gold,9
1976,Japan,Silver,6
1976,Liechtenstein,Bronze,2
1976,Liechtenstein,Gold,0
1976,Liechtenstein,Silver,0
1976,Mexico,Bronze,1
1976,Mexico,Gold,1
1976,Mexico,Silver,0
1976,Mongolia,Bronze,0
1976,Mongolia,Gold,0
1976,Mongolia,Silver,1
1976,Netherlands,Bronze,6
1976,Netherlands,Gold,1
1976,Netherlands,Silver,4
1976,New Zealand,Bronze,1
1976,New Zealand,Gold,2
1976,New Zealand,Silver,1
1976,North Korea,Bronze,0
1976,North Korea,Gold,1
1976,North Korea,Silver,1
1976,Norway,Bronze,1
1976,Norway,Gold,4
1976,Norway,Silver,4
1976,Pakistan,Bronze,1
1976,Pakistan,Gold,0
1976,Pakistan,Silver,0
1976,Poland,Bronze,13
1976,Poland,Gold,7
1976,Poland,Silver,6
1976,Portugal,Bronze,0
1976,Portugal,Gold,0
1976,Portugal,Silver,2
1976,Puerto Rico,Bronze,1
1976,Puerto Rico,Gold,0
1976,Puerto Rico,Silver,0
1976,Romania,Bronze,14
1976,Romania,Gold,4
1976,Romania,Silver,9
1976,Russia,Bronze,43
1976,Russia,Gold,62
1976,Russia,Silver,47
1976,Serbia,Bronze,3
1976,Serbia,Gold,2
1976,Serbia,Silver,3
1976,South Korea,Bronze,4
1976,South Korea,Gold,1
1976,South Korea,Silver,1
1976,Spain,Bronze,0
1976,Spain,Gold,0
1976,Spain,Silver,2
1976,Sweden,Bronze,2
1976,Sweden,Gold,4
1976,Sweden,Silver,1
1976,Switzerland,Bronze,3
1976,Switzerland,Gold,2
1976,Switzerland,Silver,4
1976,Thailand,Bronze,1
1976,Thailand,Gold,0
1976,Thailand,Silver,0
1976,Trinidad,Bronze,0
1976,Trinidad,Gold,1
1976,Trinidad,Silver,0
1976,UK,Bronze,5
1976,UK,Gold,4
1976,UK,Silver,5
1976,USA,Bronze,29
1976,USA,Gold,37
1976,USA,Silver,38
1976,Venezuela,Bronze,0
1976,Venezuela,Gold,0
1976,Venezuela,Silver,1
1980,Australia,Bronze,5
1980,Australia,Gold,2
1980,Australia,Silver,2
1980,Austria,Bronze,3
1980,Austria,Gold,4
1980,Austria,Silver,4
1980,Belgium,Bronze,0
1980,Belgium,Gold,1
1980,Belgium,Silver,0
1980,Brazil,Bronze,2
1980,Brazil,Gold,2
1980,Brazil,Silver,0
1980,Bulgaria,Bronze,18
1980,Bulgaria,Gold,8
1980,Bulgaria,Silver,16
1980,Canada,Bronze,1
1980,Canada,Gold,0
1980,Canada,Silver,1
1980,Cuba,Bronze,5
1980,Cuba,Gold,8
1980,Cuba,Silver,7
1980,Czech Republic,Bronze,10
1980,Czech Republic,Gold,2
1980,Czech Republic,Silver,3
1980,Denmark,Bronze,2
1980,Denmark,Gold,2
1980,Denmark,Silver,1
1980,Ethiopia,Bronze,2
1980,Ethiopia,Gold,2
1980,Ethiopia,Silver,0
1980,Finland,Bronze,7
1980,Finland,Gold,4
1980,Finland,Silver,6
1980,France,Bronze,4
1980,France,Gold,6
1980,France,Silver,5
1980,Germany,Bronze,52
1980,Germany,Gold,56
1980,Germany,Silver,46
1980,Greece,Bronze,2
1980,Greece,Gold,1
1980,Greece,Silver,0
1980,Guyana,Bronze,1
1980,Guyana,Gold,0
1980,Guyana,Silver,0
1980,Hungary,Bronze,15
1980,Hungary,Gold,7
1980,Hungary,Silver,11
1980,India,Bronze,0
1980,India,Gold,1
1980,India,Silver,0
1980,Ireland,Bronze,1
1980,Ireland,Gold,0
1980,Ireland,Silver,1
1980,Italy,Bronze,4
1980,Italy,Gold,8
1980,Italy,Silver,5
1980,Jamaica,Bronze,3
1980,Jamaica,Gold,0
1980,Jamaica,Silver,0
1980,Japan,Bronze,0
1980,Japan,Gold,0
1980,Japan,Silver,1
1980,Lebanon,Bronze,1
1980,Lebanon,Gold,0
1980,Lebanon,Silver,0
1980,Liechtenstein,Bronze,0
1980,Liechtenstein,Gold,2
1980,Liechtenstein,Silver,2
1980,Mexico,Bronze,3
1980,Mexico,Gold,0
1980,Mexico,Silver,1
1980,Mongolia,Bronze,2
1980,Mongolia,Gold,0
1980,Mongolia,Silver,2
1980,Netherlands,Bronze,3
1980,Netherlands,Gold,1
1980,Netherlands,Silver,3
1980,North Korea,Bronze,2
1980,North Korea,Gold,0
1980,North Korea,Silver,3
1980,Norway,Bronze,6
1980,Norway,Gold,1
1980,Norway,Silver,3
1980,Poland,Bronze,15
1980,Poland,Gold,3
1980,Poland,Silver,14
1980,Romania,Bronze,13
1980,Romania,Gold,6
1980,Romania,Silver,6
1980,Russia,Bronze,52
1980,Russia,Gold,90
1980,Russia,Silver,75
1980,Serbia,Bronze,4
1980,Serbia,Gold,2
1980,Serbia,Silver,3
1980,Spain,Bronze,2
1980,Spain,Gold,1
1980,Spain,Silver,3
1980,Sweden,Bronze,7
1980,Sweden,Gold,6
1980,Sweden,Silver,3
1980,Switzerland,Bronze,3
1980,Switzerland,Gold,3
1980,Switzerland,Silver,1
1980,Tanzania,Bronze,0
1980,Tanzania,Gold,0
1980,Tanzania,Silver,2
1980,UK,Bronze,9
1980,UK,Gold,6
1980,UK,Silver,7
1980,USA,Bronze,2
1980,USA,Gold,6
1980,USA,Silver,4
1980,Uganda,Bronze,0
1980,Uganda,Gold,0
1980,Uganda,Silver,1
1980,Venezuela,Bronze,0
1980,Venezuela,Gold,0
1980,Venezuela,Silver,1
1980,Zimbabwe,Bronze,0
1980,Zimbabwe,Gold,1
1980,Zimbabwe,Silver,0
1984,Algeria,Bronze,2
1984,Algeria,Gold,0
1984,Algeria,Silver,0
1984,Australia,Bronze,12
1984,Australia,Gold,4
1984,Australia,Silver,8
1984,Austria,Bronze,2
1984,Austria,Gold,1
1984,Austria,Silver,1
1984,Belgium,Bronze,2
1984,Belgium,Gold,1
1984,Belgium,Silver,1
1984,Brazil,Bronze,2
1984,Brazil,Gold,1
1984,Brazil,Silver,5
1984,Cameroon,Bronze,1
1984,Cameroon,Gold,0
1984,Cameroon,Silver,0
1984,Canada,Bronze,17
1984,Canada,Gold,12
1984,Canada,Silver,19
1984,China,Bronze,9
1984,China,Gold,15
1984,China,Silver,8
1984,Colombia,Bronze,0
1984,Colombia,Gold,0
1984,Colombia,Silver,1
1984,Czech Republic,Bronze,4
1984,Czech Republic,Gold,0
1984,Czech Republic,Silver,2
1984,Denmark,Bronze,3
1984,Denmark,Gold,0
1984,Denmark,Silver,3
1984,Dominican Republic,Bronze,1
1984,Dominican Republic,Gold,0
1984,Dominican Republic,Silver,0
1984,Egypt,Bronze,0
1984,Egypt,Gold,0
1984,Egypt,Silver,1
1984,Finland,Bronze,12
1984,Finland,Gold,8
1984,Finland,Silver,5
1984,France,Bronze,18
1984,France,Gold,5
1984,France,Silver,8
1984,Germany,Bronze,30
1984,Germany,Gold,28
1984,Germany,Silver,29
1984,Greece,Bronze,1
1984,Greece,Gold,0
1984,Greece,Silver,1
1984,Iceland,Bronze,1
1984,Iceland,Gold,0
1984,Iceland,Silver,0
1984,Ireland,Bronze,0
1984,Ireland,Gold,0
1984,Ireland,Silver,1
1984,Italy,Bronze,12
1984,Italy,Gold,16
1984,Italy,Silver,6
1984,Ivory Coast,Bronze,0
1984,Ivory Coast,Gold,0
1984,Ivory Coast,Silver,1
1984,Jamaica,Bronze,2
1984,Jamaica,Gold,0
1984,Jamaica,Silver,1
1984,Japan,Bronze,14
1984,Japan,Gold,10
1984,Japan,Silver,8
1984,Kenya,Bronze,2
1984,Kenya,Gold,1
1984,Kenya,Silver,0
1984,Liechtenstein,Bronze,2
1984,Liechtenstein,Gold,0
1984,Liechtenstein,Silver,0
1984,Mexico,Bronze,1
1984,Mexico,Gold,2
1984,Mexico,Silver,3
1984,Morocco,Bronze,0
1984,Morocco,Gold,2
1984,Morocco,Silver,0
1984,Netherlands,Bronze,6
1984,Netherlands,Gold,5
1984,Netherlands,Silver,2
1984,New Zealand,Bronze,2
1984,New Zealand,Gold,8
1984,New Zealand,Silver,1
1984,Nigeria,Bronze,1
1984,Nigeria,Gold,0
1984,Nigeria,Silver,1
1984,Norway,Bronze,6
1984,Norway,Gold,3
1984,Norway,Silver,3
1984,Pakistan,Bronze,0
1984,Pakistan,Gold,1
1984,Pakistan,Silver,0
1984,Peru,Bronze,0
1984,Peru,Gold,0
1984,Peru,Silver,1
1984,Portugal,Bronze,2
1984,Portugal,Gold,1
1984,Portugal,Silver,0
1984,Puerto Rico,Bronze,1
1984,Puerto Rico,Gold,0
1984,Puerto Rico,Silver,1
1984,Romania,Bronze,17
1984,Romania,Gold,19
1984,Romania,Silver,16
1984,Russia,Bronze,9
1984,Russia,Gold,6
1984,Russia,Silver,10
1984,Serbia,Bronze,7
1984,Serbia,Gold,7
1984,Serbia,Silver,5
1984,South Korea,Bronze,7
1984,South Korea,Gold,6
1984,South Korea,Silver,6
1984,Spain,Bronze,2
1984,Spain,Gold,1
1984,Spain,Silver,2
1984,Sweden,Bronze,8
1984,Sweden,Gold,6
1984,Sweden,Silver,13
1984,Switzerland,Bronze,5
1984,Switzerland,Gold,2
1984,Switzerland,Silver,6
1984,Syria,Bronze,0
1984,Syria,Gold,0
1984,Syria,Silver,1
1984,Taiwan,Bronze,1
1984,Taiwan,Gold,0
1984,Taiwan,Silver,0
1984,Thailand,Bronze,0
1984,Thailand,Gold,0
1984,Thailand,Silver,1
1984,Turkey,Bronze,3
1984,Turkey,Gold,0
1984,Turkey,Silver,0
1984,UK,Bronze,21
1984,UK,Gold,6
1984,UK,Silver,11
1984,USA,Bronze,30
1984,USA,Gold,86
1984,USA,Silver,65
1984,Venezuela,Bronze,3
1984,Venezuela,Gold,0
1984,Venezuela,Silver,0
1984,Zambia,Bronze,1
1984,Zambia,Gold,0
1984,Zambia,Silver,0
1988,Argentina,Bronze,1
1988,Argentina,Gold,0
1988,Argentina,Silver,1
1988,Australia,Bronze,5
1988,Australia,Gold,3
1988,Australia,Silver,6
1988,Austria,Bronze,2
1988,Austria,Gold,4
1988,Austria,Silver,5
1988,Belgium,Bronze,2
1988,Belgium,Gold,0
1988,Belgium,Silver,0
1988,Brazil,Bronze,3
1988,Brazil,Gold,1
1988,Brazil,Silver,2
1988,Bulgaria,Bronze,13
1988,Bulgaria,Gold,10
1988,Bulgaria,Silver,12
1988,Canada,Bronze,8
1988,Canada,Gold,3
1988,Canada,Silver,4
1988,Chile,Bronze,0
1988,Chile,Gold,0
1988,Chile,Silver,1
1988,China,Bronze,12
1988,China,Gold,5
1988,China,Silver,11
1988,Colombia,Bronze,1
1988,Colombia,Gold,0
1988,Colombia,Silver,0
1988,Costa Rica,Bronze,0
1988,Costa Rica,Gold,0
1988,Costa Rica,Silver,1
1988,Curacao,Bronze,0
1988,Curacao,Gold,0
1988,Curacao,Silver,1
1988,Czech Republic,Bronze,4
1988,Czech Republic,Gold,3
1988,Czech Republic,Silver,4
1988,Denmark,Bronze,1
1988,Denmark,Gold,2
1988,Denmark,Silver,1
1988,Djibouti,Bronze,1
1988,Djibouti,Gold,0
1988,Djibouti,Silver,0
1988,Finland,Bronze,4
1988,Finland,Gold,5
1988,Finland,Silver,2
1988,France,Bronze,7
1988,France,Gold,7
1988,France,Silver,4
1988,Germany,Bronze,53
1988,Germany,Gold,59
1988,Germany,Silver,63
1988,Greece,Bronze,1
1988,Greece,Gold,0
1988,Greece,Silver,0
1988,Hungary,Bronze,6
1988,Hungary,Gold,11
1988,Hungary,Silver,6
1988,Indonesia,Bronze,0
1988,Indonesia,Gold,0
1988,Indonesia,Silver,1
1988,Iran,Bronze,0
1988,Iran,Gold,0
1988,Iran,Silver,1
1988,Italy,Bronze,6
1988,Italy,Gold,8
1988,Italy,Silver,5
1988,Jamaica,Bronze,0
1988,Jamaica,Gold,0
1988,Jamaica,Silver,2
1988,Japan,Bronze,8
1988,Japan,Gold,4
1988,Japan,Silver,3
1988,Kenya,Bronze,2
1988,Kenya,Gold,5
1988,Kenya,Silver,2
1988,Liechtenstein,Bronze,1
1988,Liechtenstein,Gold,0
1988,Liechtenstein,Silver,0
1988,Mexico,Bronze,2
1988,Mexico,Gold,0
1988,Mexico,Silver,0
1988,Mongolia,Bronze,1
1988,Mongolia,Gold,0
1988,Mongolia,Silver,0
1988,Morocco,Bronze,2
1988,Morocco,Gold,1
1988,Morocco,Silver,0
1988,Netherlands,Bronze,7
1988,Netherlands,Gold,5
1988,Netherlands,Silver,4
1988,New Zealand,Bronze,8
1988,New Zealand,Gold,3
1988,New Zealand,Silver,2
1988,Norway,Bronze,2
1988,Norway,Gold,2
1988,Norway,Silver,6
1988,Pakistan,Bronze,1
1988,Pakistan,Gold,0
1988,Pakistan,Silver,0
1988,Peru,Bronze,0
1988,Peru,Gold,0
1988,Peru,Silver,1
1988,Philippines,Bronze,1
1988,Philippines,Gold,0
1988,Philippines,Silver,0
1988,Poland,Bronze,9
1988,Poland,Gold,2
1988,Poland,Silver,5
1988,Portugal,Bronze,0
1988,Portugal,Gold,1
1988,Portugal,Silver,0
1988,Romania,Bronze,6
1988,Romania,Gold,7
1988,Romania,Silver,11
1988,Russia,Bronze,55
1988,Russia,Gold,65
1988,Russia,Silver,40
1988,Senegal,Bronze,0
1988,Senegal,Gold,0
1988,Senegal,Silver,1
1988,Serbia,Bronze,6
1988,Serbia,Gold,3
1988,Serbia,Silver,6
1988,South Korea,Bronze,11
1988,South Korea,Gold,12
1988,South Korea,Silver,10
1988,Spain,Bronze,2
1988,Spain,Gold,1
1988,Spain,Silver,1
1988,Suriname,Bronze,0
1988,Suriname,Gold,1
1988,Suriname,Silver,0
1988,Sweden,Bronze,9
1988,Sweden,Gold,4
1988,Sweden,Silver,4
1988,Switzerland,Bronze,7
1988,Switzerland,Gold,5
1988,Switzerland,Silver,7
1988,Thailand,Bronze,1
1988,Thailand,Gold,0
1988,Thailand,Silver,0
1988,Turkey,Bronze,0
1988,Turkey,Gold,1
1988,Turkey,Silver,1
1988,UK,Bronze,9
1988,UK,Gold,5
1988,UK,Silver,10
1988,USA,Bronze,30
1988,USA,Gold,38
1988,USA,Silver,32
1988,"Virgin Islands, US",Bronze,0
1988,"Virgin Islands, US",Gold,0
1988,"Virgin Islands, US",Silver,1
1992,Algeria,Bronze,1
1992,Algeria,Gold,1
1992,Algeria,Silver,0
1992,Argentina,Bronze,1
1992,Argentina,Gold,0
1992,Argentina,Silver,0
1992,Australia,Bronze,11
1992,Australia,Gold,7
1992,Australia,Silver,9
1992,Austria,Bronze,8
1992,Austria,Gold,6
1992,Austria,Silver,9
1992,Bahamas,Bronze,1
1992,Bahamas,Gold,0
1992,Bahamas,Silver,0
1992,Belgium,Bronze,2
1992,Belgium,Gold,0
1992,Belgium,Silver,1
1992,Brazil,Bronze,0
1992,Brazil,Gold,2
1992,Brazil,Silver,1
1992,Bulgaria,Bronze,6
1992,Bulgaria,Gold,3
1992,Bulgaria,Silver,7
1992,Canada,Bronze,9
1992,Canada,Gold,9
1992,Canada,Silver,7
1992,China,Bronze,15
1992,China,Gold,16
1992,China,Silver,25
1992,Colombia,Bronze,1
1992,Colombia,Gold,0
1992,Colombia,Silver,0
1992,Croatia,Bronze,2
1992,Croatia,Gold,0
1992,Croatia,Silver,1
1992,Cuba,Bronze,11
1992,Cuba,Gold,14
1992,Cuba,Silver,6
1992,Czech Republic,Bronze,4
1992,Czech Republic,Gold,4
1992,Czech Republic,Silver,2
1992,Denmark,Bronze,4
1992,Denmark,Gold,1
1992,Denmark,Silver,1
1992,Estonia,Bronze,1
1992,Estonia,Gold,1
1992,Estonia,Silver,0
1992,Ethiopia,Bronze,2
1992,Ethiopia,Gold,1
1992,Ethiopia,Silver,0
1992,Finland,Bronze,5
1992,Finland,Gold,4
1992,Finland,Silver,3
1992,France,Bronze,17
1992,France,Gold,11
1992,France,Silver,10
1992,Germany,Bronze,34
1992,Germany,Gold,43
1992,Germany,Silver,31
1992,Ghana,Bronze,1
1992,Ghana,Gold,0
1992,Ghana,Silver,0
1992,Greece,Bronze,0
1992,Greece,Gold,2
1992,Greece,Silver,0
1992,Hungary,Bronze,7
1992,Hungary,Gold,11
1992,Hungary,Silver,12
1992,Individual Olympic Athletes,Bronze,2
1992,Individual Olympic Athletes,Gold,0
1992,Individual Olympic Athletes,Silver,1
1992,Indonesia,Bronze,1
1992,Indonesia,Gold,2
1992,Indonesia,Silver,2
1992,Iran,Bronze,2
1992,Iran,Gold,0
1992,Iran,Silver,1
1992,Ireland,Bronze,0
1992,Ireland,Gold,1
1992,Ireland,Silver,1
1992,Israel,Bronze,1
1992,Israel,Gold,0
1992,Israel,Silver,1
1992,Italy,Bronze,12
1992,Italy,Gold,10
1992,Italy,Silver,11
1992,Jamaica,Bronze,1
1992,Jamaica,Gold,0
1992,Jamaica,Silver,3
1992,Japan,Bronze,15
1992,Japan,Gold,4
1992,Japan,Silver,10
1992,Kenya,Bronze,2
1992,Kenya,Gold,2
1992,Kenya,Silver,4
1992,Latvia,Bronze,1
1992,Latvia,Gold,0
1992,Latvia,Silver,2
1992,Lithuania,Bronze,1
1992,Lithuania,Gold,1
1992,Lithuania,Silver,0
1992,Luxembourg,Bronze,0
1992,Luxembourg,Gold,0
1992,Luxembourg,Silver,2
1992,Malaysia,Bronze,1
1992,Malaysia,Gold,0
1992,Malaysia,Silver,0
1992,Mexico,Bronze,0
1992,Mexico,Gold,0
1992,Mexico,Silver,1
1992,Mongolia,Bronze,2
1992,Mongolia,Gold,0
1992,Mongolia,Silver,0
1992,Morocco,Bronze,1
1992,Morocco,Gold,1
1992,Morocco,Silver,1
1992,Namibia,Bronze,0
1992,Namibia,Gold,0
1992,Namibia,Silver,2
1992,Netherlands,Bronze,9
1992,Netherlands,Gold,3
1992,Netherlands,Silver,7
1992,New Zealand,Bronze,5
1992,New Zealand,Gold,1
1992,New Zealand,Silver,5
1992,Nigeria,Bronze,1
1992,Nigeria,Gold,0
1992,Nigeria,Silver,3
1992,North Korea,Bronze,6
1992,North Korea,Gold,4
1992,North Korea,Silver,0
1992,Norway,Bronze,6
1992,Norway,Gold,9
1992,Norway,Silver,9
1992,Pakistan,Bronze,1
1992,Pakistan,Gold,0
1992,Pakistan,Silver,0
1992,Peru,Bronze,0
1992,Peru,Gold,0
1992,Peru,Silver,1
1992,Philippines,Bronze,1
1992,Philippines,Gold,0
1992,Philippines,Silver,0
1992,Poland,Bronze,10
1992,Poland,Gold,3
1992,Poland,Silver,6
1992,Puerto Rico,Bronze,1
1992,Puerto Rico,Gold,0
1992,Puerto Rico,Silver,0
1992,Qatar,Bronze,1
1992,Qatar,Gold,0
1992,Qatar,Silver,0
1992,Romania,Bronze,8
1992,Romania,Gold,4
1992,Romania,Silver,6
1992,Russia,Bronze,37
1992,Russia,Gold,54
1992,Russia,Silver,44
1992,Slovenia,Bronze,2
1992,Slovenia,Gold,0
1992,Slovenia,Silver,0
1992,South Africa,Bronze,0
1992,South Africa,Gold,0
1992,South Africa,Silver,2
1992,South Korea,Bronze,12
1992,South Korea,Gold,14
1992,South Korea,Silver,6
1992,Spain,Bronze,3
1992,Spain,Gold,13
1992,Spain,Silver,7
1992,Suriname,Bronze,1
1992,Suriname,Gold,0
1992,Suriname,Silver,0
1992,Sweden,Bronze,7
1992,Sweden,Gold,2
1992,Sweden,Silver,7
1992,Switzerland,Bronze,2
1992,Switzerland,Gold,2
1992,Switzerland,Silver,0
1992,Taiwan,Bronze,0
1992,Taiwan,Gold,0
1992,Taiwan,Silver,1
1992,Thailand,Bronze,1
1992,Thailand,Gold,0
1992,Thailand,Silver,0
1992,Turkey,Bronze,2
1992,Turkey,Gold,2
1992,Turkey,Silver,2
1992,UK,Bronze,12
1992,UK,Gold,5
1992,UK,Silver,3
1992,USA,Bronze,39
1992,USA,Gold,42
1992,USA,Silver,38
1994,Australia,Bronze,1
1994,Australia,Gold,0
1994,Australia,Silver,0
1994,Austria,Bronze,4
1994,Austria,Gold,2
1994,Austria,Silver,3
1994,Belarus,Bronze,0
1994,Belarus,Gold,0
1994,Belarus,Silver,2
1994,Canada,Bronze,4
1994,Canada,Gold,3
1994,Canada,Silver,6
1994,China,Bronze,2
1994,China,Gold,0
1994,China,Silver,1
1994,Finland,Bronze,5
1994,Finland,Gold,0
1994,Finland,Silver,1
1994,France,Bronze,4
1994,France,Gold,0
1994,France,Silver,1
1994,Germany,Bronze,8
1994,Germany,Gold,9
1994,Germany,Silver,7
1994,Italy,Bronze,8
1994,Italy,Gold,7
1994,Italy,Silver,5
1994,Japan,Bronze,2
1994,Japan,Gold,1
1994,Japan,Silver,2
1994,Kazakhstan,Bronze,0
1994,Kazakhstan,Gold,1
1994,Kazakhstan,Silver,2
1994,Netherlands,Bronze,3
1994,Netherlands,Gold,0
1994,Netherlands,Silver,1
1994,Norway,Bronze,5
1994,Norway,Gold,8
1994,Norway,Silver,10
1994,Russia,Bronze,4
1994,Russia,Gold,11
1994,Russia,Silver,8
1994,Slovenia,Bronze,3
1994,Slovenia,Gold,0
1994,Slovenia,Silver,0
1994,South Korea,Bronze,1
1994,South Korea,Gold,4
1994,South Korea,Silver,1
1994,Sweden,Bronze,0
1994,Sweden,Gold,2
1994,Sweden,Silver,1
1994,Switzerland,Bronze,2
1994,Switzerland,Gold,3
1994,Switzerland,Silver,4
1994,UK,Bronze,2
1994,UK,Gold,0
1994,UK,Silver,0
1994,USA,Bronze,2
1994,USA,Gold,6
1994,USA,Silver,5
1994,Ukraine,Bronze,1
1994,Ukraine,Gold,1
1994,Ukraine,Silver,0
1994,Uzbekistan,Bronze,0
1994,Uzbekistan,Gold,1
1994,Uzbekistan,Silver,0
1996,Algeria,Bronze,1
1996,Algeria,Gold,2
1996,Algeria,Silver,0
1996,Argentina,Bronze,1
1996,Argentina,Gold,0
1996,Argentina,Silver,2
1996,Armenia,Bronze,0
1996,Armenia,Gold,1
1996,Armenia,Silver,1
1996,Australia,Bronze,23
1996,Australia,Gold,9
1996,Australia,Silver,9
1996,Austria,Bronze,2
1996,Austria,Gold,0
1996,Austria,Silver,1
1996,Azerbaijan,Bronze,0
1996,Azerbaijan,Gold,0
1996,Azerbaijan,Silver,1
1996,Bahamas,Bronze,0
1996,Bahamas,Gold,0
1996,Bahamas,Silver,1
1996,Belarus,Bronze,8
1996,Belarus,Gold,1
1996,Belarus,Silver,6
1996,Belgium,Bronze,2
1996,Belgium,Gold,2
1996,Belgium,Silver,2
1996,Brazil,Bronze,9
1996,Brazil,Gold,3
1996,Brazil,Silver,3
1996,Bulgaria,Bronze,5
1996,Bulgaria,Gold,3
1996,Bulgaria,Silver,7
1996,Burundi,Bronze,0
1996,Burundi,Gold,1
1996,Burundi,Silver,0
1996,Canada,Bronze,8
1996,Canada,Gold,3
1996,Canada,Silver,11
1996,China,Bronze,12
1996,China,Gold,17
1996,China,Silver,22
1996,Costa Rica,Bronze,0
1996,Costa Rica,Gold,1
1996,Costa Rica,Silver,0
1996,Croatia,Bronze,0
1996,Croatia,Gold,1
1996,Croatia,Silver,1
1996,Cuba,Bronze,8
1996,Cuba,Gold,9
1996,Cuba,Silver,8
1996,Czech Republic,Bronze,4
1996,Czech Republic,Gold,4
1996,Czech Republic,Silver,3
1996,Denmark,Bronze,1
1996,Denmark,Gold,4
1996,Denmark,Silver,1
1996,Ecuador,Bronze,0
1996,Ecuador,Gold,1
1996,Ecuador,Silver,0
1996,Ethiopia,Bronze,1
1996,Ethiopia,Gold,2
1996,Ethiopia,Silver,0
1996,Finland,Bronze,1
1996,Finland,Gold,1
1996,Finland,Silver,2
1996,France,Bronze,15
1996,France,Gold,15
1996,France,Silver,7
1996,Georgia,Bronze,2
1996,Georgia,Gold,0
1996,Georgia,Silver,0
1996,Germany,Bronze,27
1996,Germany,Gold,20
1996,Germany,Silver,18
1996,Greece,Bronze,0
1996,Greece,Gold,4
1996,Greece,Silver,4
1996,Hungary,Bronze,10
1996,Hungary,Gold,7
1996,Hungary,Silver,4
1996,India,Bronze,1
1996,India,Gold,0
1996,India,Silver,0
1996,Indonesia,Bronze,2
1996,Indonesia,Gold,1
1996,Indonesia,Silver,1
1996,Iran,Bronze,1
1996,Iran,Gold,1
1996,Iran,Silver,1
1996,Ireland,Bronze,1
1996,Ireland,Gold,3
1996,Ireland,Silver,0
1996,Israel,Bronze,1
1996,Israel,Gold,0
1996,Israel,Silver,0
1996,Italy,Bronze,12
1996,Italy,Gold,13
1996,Italy,Silver,10
1996,Jamaica,Bronze,2
1996,Jamaica,Gold,1
1996,Jamaica,Silver,3
1996,Japan,Bronze,5
1996,Japan,Gold,3
1996,Japan,Silver,6
1996,Kazakhstan,Bronze,4
1996,Kazakhstan,Gold,3
1996,Kazakhstan,Silver,4
1996,Kenya,Bronze,3
1996,Kenya,Gold,1
1996,Kenya,Silver,4
1996,Latvia,Bronze,0
1996,Latvia,Gold,0
1996,Latvia,Silver,1
1996,Lithuania,Bronze,1
1996,Lithuania,Gold,0
1996,Lithuania,Silver,0
1996,Malaysia,Bronze,1
1996,Malaysia,Gold,0
1996,Malaysia,Silver,1
1996,Mexico,Bronze,1
1996,Mexico,Gold,0
1996,Mexico,Silver,0
1996,Moldova,Bronze,1
1996,Moldova,Gold,0
1996,Moldova,Silver,1
1996,Mongolia,Bronze,1
1996,Mongolia,Gold,0
1996,Mongolia,Silver,0
1996,Morocco,Bronze,2
1996,Morocco,Gold,0
1996,Morocco,Silver,0
1996,Mozambique,Bronze,1
1996,Mozambique,Gold,0
1996,Mozambique,Silver,0
1996,Namibia,Bronze,0
1996,Namibia,Gold,0
1996,Namibia,Silver,2
1996,Netherlands,Bronze,10
1996,Netherlands,Gold,4
1996,Netherlands,Silver,5
1996,New Zealand,Bronze,1
1996,New Zealand,Gold,3
1996,New Zealand,Silver,2
1996,Nigeria,Bronze,3
1996,Nigeria,Gold,2
1996,Nigeria,Silver,1
1996,North Korea,Bronze,2
1996,North Korea,Gold,2
1996,North Korea,Silver,1
1996,Norway,Bronze,3
1996,Norway,Gold,2
1996,Norway,Silver,2
1996,Philippines,Bronze,0
1996,Philippines,Gold,0
1996,Philippines,Silver,1
1996,Poland,Bronze,5
1996,Poland,Gold,7
1996,Poland,Silver,5
1996,Portugal,Bronze,1
1996,Portugal,Gold,1
1996,Portugal,Silver,0
1996,Puerto Rico,Bronze,1
1996,Puerto Rico,Gold,0
1996,Puerto Rico,Silver,0
1996,Romania,Bronze,8
1996,Romania,Gold,4
1996,Romania,Silver,7
1996,Russia,Bronze,16
1996,Russia,Gold,26
1996,Russia,Silver,21
1996,Serbia,Bronze,2
1996,Serbia,Gold,1
1996,Serbia,Silver,1
1996,Slovakia,Bronze,1
1996,Slovakia,Gold,1
1996,Slovakia,Silver,1
1996,Slovenia,Bronze,0
1996,Slovenia,Gold,0
1996,Slovenia,Silver,2
1996,South Africa,Bronze,1
1996,South Africa,Gold,3
1996,South Africa,Silver,1
1996,South Korea,Bronze,5
1996,South Korea,Gold,7
1996,South Korea,Silver,15
1996,Spain,Bronze,6
1996,Spain,Gold,5
1996,Spain,Silver,6
1996,Sweden,Bronze,2
1996,Sweden,Gold,2
1996,Sweden,Silver,4
1996,Switzerland,Bronze,0
1996,Switzerland,Gold,4
1996,Switzerland,Silver,3
1996,Syria,Bronze,0
1996,Syria,Gold,1
1996,Syria,Silver,0
1996,Taiwan,Bronze,0
1996,Taiwan,Gold,0
1996,Taiwan,Silver,1
1996,Thailand,Bronze,1
1996,Thailand,Gold,1
1996,Thailand,Silver,0
1996,Tonga,Bronze,0
1996,Tonga,Gold,0
1996,Tonga,Silver,1
1996,Trinidad,Bronze,2
1996,Trinidad,Gold,0
1996,Trinidad,Silver,0
1996,Tunisia,Bronze,1
1996,Tunisia,Gold,0
1996,Tunisia,Silver,0
1996,Turkey,Bronze,1
1996,Turkey,Gold,4
1996,Turkey,Silver,1
1996,UK,Bronze,6
1996,UK,Gold,1
1996,UK,Silver,8
1996,USA,Bronze,25
1996,USA,Gold,44
1996,USA,Silver,32
1996,Uganda,Bronze,1
1996,Uganda,Gold,0
1996,Uganda,Silver,0
1996,Ukraine,Bronze,12
1996,Ukraine,Gold,9
1996,Ukraine,Silver,2
1996,Uzbekistan,Bronze,1
1996,Uzbekistan,Gold,0
1996,Uzbekistan,Silver,1
1996,Zambia,Bronze,0
1996,Zambia,Gold,0
1996,Zambia,Silver,1
1998,Australia,Bronze,1
1998,Australia,Gold,0
1998,Australia,Silver,0
1998,Austria,Bronze,9
1998,Austria,Gold,3
1998,Austria,Silver,5
1998,Belarus,Bronze,2
1998,Belarus,Gold,0
1998,Belarus,Silver,0
1998,Belgium,Bronze,1
1998,Belgium,Gold,0
1998,Belgium,Silver,0
1998,Bulgaria,Bronze,0
1998,Bulgaria,Gold,1
1998,Bulgaria,Silver,0
1998,Canada,Bronze,4
1998,Canada,Gold,6
1998,Canada,Silver,5
1998,China,Bronze,2
1998,China,Gold,0
1998,China,Silver,6
1998,Czech Republic,Bronze,1
1998,Czech Republic,Gold,1
1998,Czech Republic,Silver,1
1998,Denmark,Bronze,0
1998,Denmark,Gold,0
1998,Denmark,Silver,1
1998,Finland,Bronze,6
1998,Finland,Gold,2
1998,Finland,Silver,4
1998,France,Bronze,5
1998,France,Gold,2
1998,France,Silver,1
1998,Germany,Bronze,8
1998,Germany,Gold,12
1998,Germany,Silver,9
1998,Italy,Bronze,2
1998,Italy,Gold,2
1998,Italy,Silver,6
1998,Japan,Bronze,4
1998,Japan,Gold,5
1998,Japan,Silver,1
1998,Kazakhstan,Bronze,2
1998,Kazakhstan,Gold,0
1998,Kazakhstan,Silver,0
1998,Netherlands,Bronze,2
1998,Netherlands,Gold,5
1998,Netherlands,Silver,4
1998,Norway,Bronze,5
1998,Norway,Gold,8
1998,Norway,Silver,9
1998,Russia,Bronze,3
1998,Russia,Gold,9
1998,Russia,Silver,6
1998,South Korea,Bronze,2
1998,South Korea,Gold,3
1998,South Korea,Silver,1
1998,Sweden,Bronze,1
1998,Sweden,Gold,0
1998,Sweden,Silver,2
1998,Switzerland,Bronze,3
1998,Switzerland,Gold,2
1998,Switzerland,Silver,2
1998,UK,Bronze,1
1998,UK,Gold,0
1998,UK,Silver,0
1998,USA,Bronze,4
1998,USA,Gold,6
1998,USA,Silver,3
1998,Ukraine,Bronze,0
1998,Ukraine,Gold,0
1998,Ukraine,Silver,1
2000,Algeria,Bronze,3
2000,Algeria,Gold,1
2000,Algeria,Silver,1
2000,Argentina,Bronze,2
2000,Argentina,Gold,0
2000,Argentina,Silver,2
2000,Armenia,Bronze,1
2000,Armenia,Gold,0
2000,Armenia,Silver,0
2000,Australia,Bronze,17
2000,Australia,Gold,16
2000,Australia,Silver,25
2000,Austria,Bronze,0
2000,Austria,Gold,2
2000,Austria,Silver,1
2000,Azerbaijan,Bronze,1
2000,Azerbaijan,Gold,2
2000,Azerbaijan,Silver,0
2000,Bahamas,Bronze,1
2000,Bahamas,Gold,2
2000,Bahamas,Silver,0
2000,Barbados,Bronze,1
2000,Barbados,Gold,0
2000,Barbados,Silver,0
2000,Belarus,Bronze,11
2000,Belarus,Gold,3
2000,Belarus,Silver,3
2000,Belgium,Bronze,3
2000,Belgium,Gold,0
2000,Belgium,Silver,2
2000,Brazil,Bronze,6
2000,Brazil,Gold,0
2000,Brazil,Silver,6
2000,Bulgaria,Bronze,2
2000,Bulgaria,Gold,5
2000,Bulgaria,Silver,6
2000,Cameroon,Bronze,0
2000,Cameroon,Gold,1
2000,Cameroon,Silver,0
2000,Canada,Bronze,8
2000,Canada,Gold,3
2000,Canada,Silver,3
2000,Chile,Bronze,1
2000,Chile,Gold,0
2000,Chile,Silver,0
2000,China,Bronze,14
2000,China,Gold,28
2000,China,Silver,16
2000,Colombia,Bronze,0
2000,Colombia,Gold,1
2000,Colombia,Silver,0
2000,Costa Rica,Bronze,2
2000,Costa Rica,Gold,0
2000,Costa Rica,Silver,0
2000,Croatia,Bronze,1
2000,Croatia,Gold,1
2000,Croatia,Silver,0
2000,Cuba,Bronze,7
2000,Cuba,Gold,11
2000,Cuba,Silver,11
2000,Czech Republic,Bronze,3
2000,Czech Republic,Gold,2
2000,Czech Republic,Silver,3
2000,Denmark,Bronze,1
2000,Denmark,Gold,2
2000,Denmark,Silver,3
2000,Estonia,Bronze,2
2000,Estonia,Gold,1
2000,Estonia,Silver,0
2000,Ethiopia,Bronze,3
2000,Ethiopia,Gold,4
2000,Ethiopia,Silver,1
2000,Finland,Bronze,1
2000,Finland,Gold,2
2000,Finland,Silver,1
2000,France,Bronze,11
2000,France,Gold,13
2000,France,Silver,14
2000,Georgia,Bronze,6
2000,Georgia,Gold,0
2000,Georgia,Silver,0
2000,Germany,Bronze,26
2000,Germany,Gold,13
2000,Germany,Silver,17
2000,Greece,Bronze,3
2000,Greece,Gold,4
2000,Greece,Silver,6
2000,Hungary,Bronze,3
2000,Hungary,Gold,8
2000,Hungary,Silver,6
2000,Iceland,Bronze,1
2000,Iceland,Gold,0
2000,Iceland,Silver,0
2000,India,Bronze,1
2000,India,Gold,0
2000,India,Silver,0
2000,Indonesia,Bronze,2
2000,Indonesia,Gold,1
2000,Indonesia,Silver,3
2000,Iran,Bronze,1
2000,Iran,Gold,3
2000,Iran,Silver,0
2000,Ireland,Bronze,0
2000,Ireland,Gold,0
2000,Ireland,Silver,1
2000,Israel,Bronze,1
2000,Israel,Gold,0
2000,Israel,Silver,0
2000,Italy,Bronze,13
2000,Italy,Gold,13
2000,Italy,Silver,8
2000,Jamaica,Bronze,3
2000,Jamaica,Gold,0
2000,Jamaica,Silver,6
2000,Japan,Bronze,5
2000,Japan,Gold,5
2000,Japan,Silver,8
2000,Kazakhstan,Bronze,0
2000,Kazakhstan,Gold,3
2000,Kazakhstan,Silver,4
2000,Kenya,Bronze,2
2000,Kenya,Gold,2
2000,Kenya,Silver,3
2000,Kuwait,Bronze,1
2000,Kuwait,Gold,0
2000,Kuwait,Silver,0
2000,Kyrgyzstan,Bronze,1
2000,Kyrgyzstan,Gold,0
2000,Kyrgyzstan,Silver,0
2000,Latvia,Bronze,1
2000,Latvia,Gold,1
2000,Latvia,Silver,1
2000,Lithuania,Bronze,3
2000,Lithuania,Gold,2
2000,Lithuania,Silver,0
2000,Macedonia,Bronze,1
2000,Macedonia,Gold,0
2000,Macedonia,Silver,0
2000,Mexico,Bronze,3
2000,Mexico,Gold,1
2000,Mexico,Silver,2
2000,Moldova,Bronze,1
2000,Moldova,Gold,0
2000,Moldova,Silver,1
2000,Morocco,Bronze,4
2000,Morocco,Gold,0
2000,Morocco,Silver,1
2000,Mozambique,Bronze,0
2000,Mozambique,Gold,1
2000,Mozambique,Silver,0
2000,Netherlands,Bronze,4
2000,Netherlands,Gold,12
2000,Netherlands,Silver,9
2000,New Zealand,Bronze,3
2000,New Zealand,Gold,1
2000,New Zealand,Silver,0
2000,Nigeria,Bronze,0
2000,Nigeria,Gold,1
2000,Nigeria,Silver,2
2000,North Korea,Bronze,3
2000,North Korea,Gold,0
2000,North Korea,Silver,1
2000,Norway,Bronze,3
2000,Norway,Gold,4
2000,Norway,Silver,3
2000,Poland,Bronze,3
2000,Poland,Gold,6
2000,Poland,Silver,5
2000,Portugal,Bronze,2
2000,Portugal,Gold,0
2000,Portugal,Silver,0
2000,Qatar,Bronze,1
2000,Qatar,Gold,0
2000,Qatar,Silver,0
2000,Romania,Bronze,9
2000,Romania,Gold,11
2000,Romania,Silver,6
2000,Russia,Bronze,29
2000,Russia,Gold,32
2000,Russia,Silver,28
2000,Saudi Arabia,Bronze,1
2000,Saudi Arabia,Gold,0
2000,Saudi Arabia,Silver,1
2000,Serbia,Bronze,1
2000,Serbia,Gold,1
2000,Serbia,Silver,1
2000,Slovakia,Bronze,1
2000,Slovakia,Gold,1
2000,Slovakia,Silver,3
2000,Slovenia,Bronze,0
2000,Slovenia,Gold,2
2000,Slovenia,Silver,0
2000,South Africa,Bronze,3
2000,South Africa,Gold,0
2000,South Africa,Silver,2
2000,South Korea,Bronze,10
2000,South Korea,Gold,8
2000,South Korea,Silver,10
2000,Spain,Bronze,5
2000,Spain,Gold,3
2000,Spain,Silver,3
2000,Sri Lanka,Bronze,0
2000,Sri Lanka,Gold,0
2000,Sri Lanka,Silver,1
2000,Sweden,Bronze,3
2000,Sweden,Gold,4
2000,Sweden,Silver,5
2000,Switzerland,Bronze,2
2000,Switzerland,Gold,1
2000,Switzerland,Silver,6
2000,Taiwan,Bronze,4
2000,Taiwan,Gold,0
2000,Taiwan,Silver,1
2000,Thailand,Bronze,2
2000,Thailand,Gold,1
2000,Thailand,Silver,0
2000,Trinidad,Bronze,1
2000,Trinidad,Gold,0
2000,Trinidad,Silver,1
2000,Turkey,Bronze,2
2000,Turkey,Gold,3
2000,Turkey,Silver,0
2000,UK,Bronze,7
2000,UK,Gold,11
2000,UK,Silver,10
2000,USA,Bronze,31
2000,USA,Gold,36
2000,USA,Silver,24
2000,Ukraine,Bronze,10
2000,Ukraine,Gold,3
2000,Ukraine,Silver,10
2000,Uruguay,Bronze,0
2000,Uruguay,Gold,0
2000,Uruguay,Silver,1
2000,Uzbekistan,Bronze,2
2000,Uzbekistan,Gold,1
2000,Uzbekistan,Silver,1
2000,Vietnam,Bronze,0
2000,Vietnam,Gold,0
2000,Vietnam,Silver,1
2002,Australia,Bronze,0
2002,Australia,Gold,2
2002,Australia,Silver,0
2002,Austria,Bronze,10
2002,Austria,Gold,3
2002,Austria,Silver,4
2002,Belarus,Bronze,1
2002,Belarus,Gold,0
2002,Belarus,Silver,0
2002,Bulgaria,Bronze,2
2002,Bulgaria,Gold,0
2002,Bulgaria,Silver,1
2002,Canada,Bronze,7
2002,Canada,Gold,7
2002,Canada,Silver,3
2002,China,Bronze,4
2002,China,Gold,2
2002,China,Silver,2
2002,Croatia,Bronze,0
2002,Croatia,Gold,3
2002,Croatia,Silver,1
2002,Czech Republic,Bronze,0
2002,Czech Republic,Gold,1
2002,Czech Republic,Silver,2
2002,Estonia,Bronze,1
2002,Estonia,Gold,1
2002,Estonia,Silver,1
2002,Finland,Bronze,1
2002,Finland,Gold,4
2002,Finland,Silver,2
2002,France,Bronze,2
2002,France,Gold,4
2002,France,Silver,5
2002,Germany,Bronze,8
2002,Germany,Gold,12
2002,Germany,Silver,16
2002,Italy,Bronze,5
2002,Italy,Gold,4
2002,Italy,Silver,4
2002,Japan,Bronze,1
2002,Japan,Gold,0
2002,Japan,Silver,1
2002,Netherlands,Bronze,0
2002,Netherlands,Gold,3
2002,Netherlands,Silver,5
2002,Norway,Bronze,7
2002,Norway,Gold,12
2002,Norway,Silver,5
2002,Poland,Bronze,1
2002,Poland,Gold,0
2002,Poland,Silver,1
2002,Russia,Bronze,4
2002,Russia,Gold,5
2002,Russia,Silver,4
2002,Slovenia,Bronze,1
2002,Slovenia,Gold,0
2002,Slovenia,Silver,0
2002,South Korea,Bronze,0
2002,South Korea,Gold,2
2002,South Korea,Silver,2
2002,Sweden,Bronze,5
2002,Sweden,Gold,0
2002,Sweden,Silver,2
2002,Switzerland,Bronze,6
2002,Switzerland,Gold,3
2002,Switzerland,Silver,2
2002,UK,Bronze,1
2002,UK,Gold,1
2002,UK,Silver,0
2002,USA,Bronze,11
2002,USA,Gold,10
2002,USA,Silver,13
2004,Argentina,Bronze,4
2004,Argentina,Gold,2
2004,Argentina,Silver,0
2004,Australia,Bronze,17
2004,Australia,Gold,17
2004,Australia,Silver,16
2004,Austria,Bronze,1
2004,Austria,Gold,2
2004,Austria,Silver,4
2004,Azerbaijan,Bronze,4
2004,Azerbaijan,Gold,1
2004,Azerbaijan,Silver,0
2004,Bahamas,Bronze,1
2004,Bahamas,Gold,1
2004,Bahamas,Silver,0
2004,Belarus,Bronze,6
2004,Belarus,Gold,2
2004,Belarus,Silver,5
2004,Belgium,Bronze,2
2004,Belgium,Gold,1
2004,Belgium,Silver,0
2004,Brazil,Bronze,3
2004,Brazil,Gold,5
2004,Brazil,Silver,2
2004,Bulgaria,Bronze,9
2004,Bulgaria,Gold,2
2004,Bulgaria,Silver,1
2004,Cameroon,Bronze,0
2004,Cameroon,Gold,1
2004,Cameroon,Silver,0
2004,Canada,Bronze,3
2004,Canada,Gold,3
2004,Canada,Silver,6
2004,Chile,Bronze,1
2004,Chile,Gold,2
2004,Chile,Silver,0
2004,China,Bronze,14
2004,China,Gold,32
2004,China,Silver,18
2004,Colombia,Bronze,2
2004,Colombia,Gold,0
2004,Colombia,Silver,0
2004,Croatia,Bronze,2
2004,Croatia,Gold,1
2004,Croatia,Silver,2
2004,Cuba,Bronze,11
2004,Cuba,Gold,9
2004,Cuba,Silver,7
2004,Czech Republic,Bronze,5
2004,Czech Republic,Gold,1
2004,Czech Republic,Silver,3
2004,Denmark,Bronze,5
2004,Denmark,Gold,2
2004,Denmark,Silver,1
2004,Dominican Republic,Bronze,0
2004,Dominican Republic,Gold,1
2004,Dominican Republic,Silver,0
2004,Egypt,Bronze,3
2004,Egypt,Gold,1
2004,Egypt,Silver,1
2004,Eritrea,Bronze,1
2004,Eritrea,Gold,0
2004,Eritrea,Silver,0
2004,Estonia,Bronze,2
2004,Estonia,Gold,0
2004,Estonia,Silver,1
2004,Ethiopia,Bronze,2
2004,Ethiopia,Gold,2
2004,Ethiopia,Silver,3
2004,Finland,Bronze,0
2004,Finland,Gold,0
2004,Finland,Silver,2
2004,France,Bronze,13
2004,France,Gold,11
2004,France,Silver,9
2004,Georgia,Bronze,0
2004,Georgia,Gold,2
2004,Georgia,Silver,2
2004,Germany,Bronze,20
2004,Germany,Gold,13
2004,Germany,Silver,16
2004,Greece,Bronze,4
2004,Greece,Gold,6
2004,Greece,Silver,6
2004,Hungary,Bronze,3
2004,Hungary,Gold,8
2004,Hungary,Silver,6
2004,India,Bronze,0
2004,India,Gold,0
2004,India,Silver,1
2004,Indonesia,Bronze,2
2004,Indonesia,Gold,1
2004,Indonesia,Silver,1
2004,Iran,Bronze,2
2004,Iran,Gold,2
2004,Iran,Silver,2
2004,Israel,Bronze,1
2004,Israel,Gold,1
2004,Israel,Silver,0
2004,Italy,Bronze,11
2004,Italy,Gold,10
2004,Italy,Silver,11
2004,Jamaica,Bronze,2
2004,Jamaica,Gold,2
2004,Jamaica,Silver,1
2004,Japan,Bronze,12
2004,Japan,Gold,16
2004,Japan,Silver,9
2004,Kazakhstan,Bronze,3
2004,Kazakhstan,Gold,1
2004,Kazakhstan,Silver,4
2004,Kenya,Bronze,2
2004,Kenya,Gold,1
2004,Kenya,Silver,4
2004,Latvia,Bronze,0
2004,Latvia,Gold,0
2004,Latvia,Silver,4
2004,Lithuania,Bronze,0
2004,Lithuania,Gold,1
2004,Lithuania,Silver,2
2004,Mexico,Bronze,1
2004,Mexico,Gold,0
2004,Mexico,Silver,3
2004,Mongolia,Bronze,1
2004,Mongolia,Gold,0
2004,Mongolia,Silver,0
2004,Morocco,Bronze,0
2004,Morocco,Gold,2
2004,Morocco,Silver,1
2004,Netherlands,Bronze,9
2004,Netherlands,Gold,4
2004,Netherlands,Silver,9
2004,New Zealand,Bronze,0
2004,New Zealand,Gold,3
2004,New Zealand,Silver,2
2004,Nigeria,Bronze,2
2004,Nigeria,Gold,0
2004,Nigeria,Silver,0
2004,North Korea,Bronze,1
2004,North Korea,Gold,0
2004,North Korea,Silver,4
2004,Norway,Bronze,1
2004,Norway,Gold,5
2004,Norway,Silver,0
2004,Paraguay,Bronze,0
2004,Paraguay,Gold,0
2004,Paraguay,Silver,1
2004,Poland,Bronze,5
2004,Poland,Gold,3
2004,Poland,Silver,2
2004,Portugal,Bronze,1
2004,Portugal,Gold,0
2004,Portugal,Silver,2
2004,Romania,Bronze,6
2004,Romania,Gold,8
2004,Romania,Silver,5
2004,Russia,Bronze,36
2004,Russia,Gold,28
2004,Russia,Silver,26
2004,Serbia,Bronze,0
2004,Serbia,Gold,0
2004,Serbia,Silver,2
2004,Slovakia,Bronze,2
2004,Slovakia,Gold,2
2004,Slovakia,Silver,2
2004,Slovenia,Bronze,3
2004,Slovenia,Gold,0
2004,Slovenia,Silver,1
2004,South Africa,Bronze,2
2004,South Africa,Gold,1
2004,South Africa,Silver,3
2004,South Korea,Bronze,9
2004,South Korea,Gold,9
2004,South Korea,Silver,12
2004,Spain,Bronze,6
2004,Spain,Gold,3
2004,Spain,Silver,11
2004,Sweden,Bronze,1
2004,Sweden,Gold,4
2004,Sweden,Silver,2
2004,Switzerland,Bronze,3
2004,Switzerland,Gold,1
2004,Switzerland,Silver,1
2004,Syria,Bronze,1
2004,Syria,Gold,0
2004,Syria,Silver,0
2004,Taiwan,Bronze,1
2004,Taiwan,Gold,2
2004,Taiwan,Silver,2
2004,Thailand,Bronze,4
2004,Thailand,Gold,3
2004,Thailand,Silver,1
2004,Trinidad,Bronze,1
2004,Trinidad,Gold,0
2004,Trinidad,Silver,0
2004,Turkey,Bronze,5
2004,Turkey,Gold,3
2004,Turkey,Silver,3
2004,UK,Bronze,12
2004,UK,Gold,9
2004,UK,Silver,9
2004,USA,Bronze,26
2004,USA,Gold,36
2004,USA,Silver,39
2004,Ukraine,Bronze,9
2004,Ukraine,Gold,8
2004,Ukraine,Silver,5
2004,United Arab Emirates,Bronze,0
2004,United Arab Emirates,Gold,1
2004,United Arab Emirates,Silver,0
2004,Uzbekistan,Bronze,2
2004,Uzbekistan,Gold,2
2004,Uzbekistan,Silver,1
2004,Venezuela,Bronze,2
2004,Venezuela,Gold,0
2004,Venezuela,Silver,0
2004,Zimbabwe,Bronze,1
2004,Zimbabwe,Gold,1
2004,Zimbabwe,Silver,1
2006,Australia,Bronze,1
2006,Australia,Gold,1
2006,Australia,Silver,0
2006,Austria,Bronze,7
2006,Austria,Gold,9
2006,Austria,Silver,7
2006,Belarus,Bronze,0
2006,Belarus,Gold,0
2006,Belarus,Silver,1
2006,Bulgaria,Bronze,0
2006,Bulgaria,Gold,0
2006,Bulgaria,Silver,1
2006,Canada,Bronze,7
2006,Canada,Gold,7
2006,Canada,Silver,10
2006,China,Bronze,5
2006,China,Gold,2
2006,China,Silver,4
2006,Croatia,Bronze,0
2006,Croatia,Gold,1
2006,Croatia,Silver,2
2006,Czech Republic,Bronze,1
2006,Czech Republic,Gold,1
2006,Czech Republic,Silver,2
2006,Estonia,Bronze,0
2006,Estonia,Gold,3
2006,Estonia,Silver,0
2006,Finland,Bronze,3
2006,Finland,Gold,0
2006,Finland,Silver,6
2006,France,Bronze,4
2006,France,Gold,3
2006,France,Silver,2
2006,Germany,Bronze,6
2006,Germany,Gold,11
2006,Germany,Silver,12
2006,Italy,Bronze,6
2006,Italy,Gold,5
2006,Italy,Silver,0
2006,Japan,Bronze,0
2006,Japan,Gold,1
2006,Japan,Silver,0
2006,Latvia,Bronze,1
2006,Latvia,Gold,0
2006,Latvia,Silver,0
2006,Netherlands,Bronze,4
2006,Netherlands,Gold,3
2006,Netherlands,Silver,2
2006,Norway,Bronze,9
2006,Norway,Gold,2
2006,Norway,Silver,8
2006,Poland,Bronze,1
2006,Poland,Gold,0
2006,Poland,Silver,1
2006,Russia,Bronze,8
2006,Russia,Gold,8
2006,Russia,Silver,6
2006,Slovakia,Bronze,0
2006,Slovakia,Gold,0
2006,Slovakia,Silver,1
2006,South Korea,Bronze,2
2006,South Korea,Gold,6
2006,South Korea,Silver,3
2006,Sweden,Bronze,5
2006,Sweden,Gold,7
2006,Sweden,Silver,2
2006,Switzerland,Bronze,5
2006,Switzerland,Gold,5
2006,Switzerland,Silver,4
2006,UK,Bronze,0
2006,UK,Gold,0
2006,UK,Silver,1
2006,USA,Bronze,7
2006,USA,Gold,9
2006,USA,Silver,9
2006,Ukraine,Bronze,2
2006,Ukraine,Gold,0
2006,Ukraine,Silver,0
2008,Afghanistan,Bronze,1
2008,Afghanistan,Gold,0
2008,Afghanistan,Silver,0
2008,Algeria,Bronze,1
2008,Algeria,Gold,0
2008,Algeria,Silver,1
2008,Argentina,Bronze,4
2008,Argentina,Gold,2
2008,Argentina,Silver,0
2008,Armenia,Bronze,6
2008,Armenia,Gold,0
2008,Armenia,Silver,0
2008,Australia,Bronze,17
2008,Australia,Gold,14
2008,Australia,Silver,15
2008,Austria,Bronze,2
2008,Austria,Gold,0
2008,Austria,Silver,1
2008,Azerbaijan,Bronze,4
2008,Azerbaijan,Gold,1
2008,Azerbaijan,Silver,2
2008,Bahamas,Bronze,1
2008,Bahamas,Gold,0
2008,Bahamas,Silver,1
2008,Belarus,Bronze,9
2008,Belarus,Gold,4
2008,Belarus,Silver,5
2008,Belgium,Bronze,0
2008,Belgium,Gold,1
2008,Belgium,Silver,1
2008,Brazil,Bronze,9
2008,Brazil,Gold,3
2008,Brazil,Silver,4
2008,Bulgaria,Bronze,3
2008,Bulgaria,Gold,1
2008,Bulgaria,Silver,1
2008,Cameroon,Bronze,0
2008,Cameroon,Gold,1
2008,Cameroon,Silver,0
2008,Canada,Bronze,7
2008,Canada,Gold,3
2008,Canada,Silver,9
2008,Chile,Bronze,0
2008,Chile,Gold,0
2008,Chile,Silver,1
2008,China,Bronze,28
2008,China,Gold,51
2008,China,Silver,21
2008,Colombia,Bronze,1
2008,Colombia,Gold,0
2008,Colombia,Silver,1
2008,Croatia,Bronze,3
2008,Croatia,Gold,0
2008,Croatia,Silver,2
2008,Cuba,Bronze,11
2008,Cuba,Gold,2
2008,Cuba,Silver,11
2008,Czech Republic,Bronze,0
2008,Czech Republic,Gold,3
2008,Czech Republic,Silver,3
2008,Denmark,Bronze,3
2008,Denmark,Gold,2
2008,Denmark,Silver,2
2008,Dominican Republic,Bronze,0
2008,Dominican Republic,Gold,1
2008,Dominican Republic,Silver,1
2008,Ecuador,Bronze,0
2008,Ecuador,Gold,0
2008,Ecuador,Silver,1
2008,Egypt,Bronze,1
2008,Egypt,Gold,0
2008,Egypt,Silver,0
2008,Estonia,Bronze,0
2008,Estonia,Gold,1
2008,Estonia,Silver,1
2008,Ethiopia,Bronze,2
2008,Ethiopia,Gold,4
2008,Ethiopia,Silver,1
2008,Finland,Bronze,2
2008,Finland,Gold,1
2008,Finland,Silver,1
2008,France,Bronze,18
2008,France,Gold,7
2008,France,Silver,16
2008,Georgia,Bronze,3
2008,Georgia,Gold,3
2008,Georgia,Silver,0
2008,Germany,Bronze,15
2008,Germany,Gold,16
2008,Germany,Silver,10
2008,Greece,Bronze,2
2008,Greece,Gold,0
2008,Greece,Silver,2
2008,Hungary,Bronze,2
2008,Hungary,Gold,3
2008,Hungary,Silver,5
2008,Iceland,Bronze,0
2008,Iceland,Gold,0
2008,Iceland,Silver,1
2008,India,Bronze,2
2008,India,Gold,1
2008,India,Silver,0
2008,Indonesia,Bronze,3
2008,Indonesia,Gold,1
2008,Indonesia,Silver,1
2008,Iran,Bronze,1
2008,Iran,Gold,1
2008,Iran,Silver,0
2008,Ireland,Bronze,2
2008,Ireland,Gold,0
2008,Ireland,Silver,1
2008,Israel,Bronze,1
2008,Israel,Gold,0
2008,Israel,Silver,0
2008,Italy,Bronze,10
2008,Italy,Gold,8
2008,Italy,Silver,9
2008,Jamaica,Bronze,2
2008,Jamaica,Gold,5
2008,Jamaica,Silver,2
2008,Japan,Bronze,9
2008,Japan,Gold,9
2008,Japan,Silver,7
2008,Kazakhstan,Bronze,7
2008,Kazakhstan,Gold,2
2008,Kazakhstan,Silver,4
2008,Kenya,Bronze,5
2008,Kenya,Gold,6
2008,Kenya,Silver,4
2008,Kyrgyzstan,Bronze,1
2008,Kyrgyzstan,Gold,0
2008,Kyrgyzstan,Silver,1
2008,Latvia,Bronze,1
2008,Latvia,Gold,1
2008,Latvia,Silver,1
2008,Lithuania,Bronze,3
2008,Lithuania,Gold,0
2008,Lithuania,Silver,2
2008,Malaysia,Bronze,0
2008,Malaysia,Gold,0
2008,Malaysia,Silver,1
2008,Mauritius,Bronze,1
2008,Mauritius,Gold,0
2008,Mauritius,Silver,0
2008,Mexico,Bronze,1
2008,Mexico,Gold,2
2008,Mexico,Silver,0
2008,Moldova,Bronze,1
2008,Moldova,Gold,0
2008,Moldova,Silver,0
2008,Mongolia,Bronze,0
2008,Mongolia,Gold,2
2008,Mongolia,Silver,2
2008,Morocco,Bronze,1
2008,Morocco,Gold,0
2008,Morocco,Silver,1
2008,Netherlands,Bronze,4
2008,Netherlands,Gold,7
2008,Netherlands,Silver,5
2008,New Zealand,Bronze,4
2008,New Zealand,Gold,3
2008,New Zealand,Silver,2
2008,Nigeria,Bronze,3
2008,Nigeria,Gold,0
2008,Nigeria,Silver,1
2008,North Korea,Bronze,3
2008,North Korea,Gold,2
2008,North Korea,Silver,1
2008,Norway,Bronze,1
2008,Norway,Gold,3
2008,Norway,Silver,5
2008,Panama,Bronze,0
2008,Panama,Gold,1
2008,Panama,Silver,0
2008,Poland,Bronze,1
2008,Poland,Gold,3
2008,Poland,Silver,6
2008,Portugal,Bronze,0
2008,Portugal,Gold,1
2008,Portugal,Silver,1
2008,Romania,Bronze,3
2008,Romania,Gold,4
2008,Romania,Silver,1
2008,Russia,Bronze,28
2008,Russia,Gold,23
2008,Russia,Silver,21
2008,Serbia,Bronze,2
2008,Serbia,Gold,0
2008,Serbia,Silver,1
2008,Slovakia,Bronze,1
2008,Slovakia,Gold,3
2008,Slovakia,Silver,2
2008,Slovenia,Bronze,2
2008,Slovenia,Gold,1
2008,Slovenia,Silver,2
2008,South Africa,Bronze,0
2008,South Africa,Gold,0
2008,South Africa,Silver,1
2008,South Korea,Bronze,8
2008,South Korea,Gold,13
2008,South Korea,Silver,10
2008,Spain,Bronze,3
2008,Spain,Gold,5
2008,Spain,Silver,10
2008,Sudan,Bronze,0
2008,Sudan,Gold,0
2008,Sudan,Silver,1
2008,Sweden,Bronze,1
2008,Sweden,Gold,0
2008,Sweden,Silver,4
2008,Switzerland,Bronze,4
2008,Switzerland,Gold,2
2008,Switzerland,Silver,1
2008,Taiwan,Bronze,4
2008,Taiwan,Gold,0
2008,Taiwan,Silver,0
2008,Tajikistan,Bronze,1
2008,Tajikistan,Gold,0
2008,Tajikistan,Silver,1
2008,Thailand,Bronze,0
2008,Thailand,Gold,2
2008,Thailand,Silver,2
2008,Togo,Bronze,1
2008,Togo,Gold,0
2008,Togo,Silver,0
2008,Trinidad,Bronze,0
2008,Trinidad,Gold,1
2008,Trinidad,Silver,1
2008,Tunisia,Bronze,0
2008,Tunisia,Gold,1
2008,Tunisia,Silver,0
2008,Turkey,Bronze,3
2008,Turkey,Gold,1
2008,Turkey,Silver,3
2008,UK,Bronze,16
2008,UK,Gold,19
2008,UK,Silver,13
2008,USA,Bronze,35
2008,USA,Gold,36
2008,USA,Silver,39
2008,Ukraine,Bronze,15
2008,Ukraine,Gold,7
2008,Ukraine,Silver,5
2008,Uzbekistan,Bronze,3
2008,Uzbekistan,Gold,1
2008,Uzbekistan,Silver,2
2008,Venezuela,Bronze,1
2008,Venezuela,Gold,0
2008,Venezuela,Silver,0
2008,Vietnam,Bronze,0
2008,Vietnam,Gold,0
2008,Vietnam,Silver,1
2008,Zimbabwe,Bronze,0
2008,Zimbabwe,Gold,1
2008,Zimbabwe,Silver,3
2010,Australia,Bronze,0
2010,Australia,Gold,2
2010,Australia,Silver,1
2010,Austria,Bronze,6
2010,Austria,Gold,4
2010,Austria,Silver,6
2010,Belarus,Bronze,1
2010,Belarus,Gold,1
2010,Belarus,Silver,1
2010,Canada,Bronze,5
2010,Canada,Gold,14
2010,Canada,Silver,7
2010,China,Bronze,4
2010,China,Gold,5
2010,China,Silver,2
2010,Croatia,Bronze,1
2010,Croatia,Gold,0
2010,Croatia,Silver,2
2010,Czech Republic,Bronze,4
2010,Czech Republic,Gold,2
2010,Czech Republic,Silver,0
2010,Estonia,Bronze,0
2010,Estonia,Gold,0
2010,Estonia,Silver,1
2010,Finland,Bronze,4
2010,Finland,Gold,0
2010,Finland,Silver,1
2010,France,Bronze,6
2010,France,Gold,2
2010,France,Silver,3
2010,Germany,Bronze,7
2010,Germany,Gold,10
2010,Germany,Silver,13
2010,Italy,Bronze,3
2010,Italy,Gold,1
2010,Italy,Silver,1
2010,Japan,Bronze,2
2010,Japan,Gold,0
2010,Japan,Silver,3
2010,Kazakhstan,Bronze,0
2010,Kazakhstan,Gold,0
2010,Kazakhstan,Silver,1
2010,Latvia,Bronze,0
2010,Latvia,Gold,0
2010,Latvia,Silver,2
2010,Netherlands,Bronze,3
2010,Netherlands,Gold,4
2010,Netherlands,Silver,1
2010,Norway,Bronze,6
2010,Norway,Gold,9
2010,Norway,Silver,8
2010,Poland,Bronze,2
2010,Poland,Gold,1
2010,Poland,Silver,3
2010,Russia,Bronze,7
2010,Russia,Gold,3
2010,Russia,Silver,5
2010,Slovakia,Bronze,1
2010,Slovakia,Gold,1
2010,Slovakia,Silver,1
2010,Slovenia,Bronze,1
2010,Slovenia,Gold,0
2010,Slovenia,Silver,2
2010,South Korea,Bronze,2
2010,South Korea,Gold,6
2010,South Korea,Silver,6
2010,Sweden,Bronze,4
2010,Sweden,Gold,5
2010,Sweden,Silver,2
2010,Switzerland,Bronze,3
2010,Switzerland,Gold,6
2010,Switzerland,Silver,0
2010,UK,Bronze,0
2010,UK,Gold,1
2010,UK,Silver,0
2010,USA,Bronze,13
2010,USA,Gold,9
2010,USA,Silver,15
2012,Afghanistan,Bronze,1
2012,Afghanistan,Gold,0
2012,Afghanistan,Silver,0
2012,Algeria,Bronze,0
2012,Algeria,Gold,1
2012,Algeria,Silver,0
2012,Argentina,Bronze,2
2012,Argentina,Gold,1
2012,Argentina,Silver,1
2012,Armenia,Bronze,2
2012,Armenia,Gold,0
2012,Armenia,Silver,1
2012,Australia,Bronze,12
2012,Australia,Gold,7
2012,Australia,Silver,16
2012,Azerbaijan,Bronze,6
2012,Azerbaijan,Gold,2
2012,Azerbaijan,Silver,2
2012,Bahamas,Bronze,0
2012,Bahamas,Gold,1
2012,Bahamas,Silver,0
2012,Bahrain,Bronze,1
2012,Bahrain,Gold,0
2012,Bahrain,Silver,0
2012,Belarus,Bronze,5
2012,Belarus,Gold,2
2012,Belarus,Silver,5
2012,Belgium,Bronze,2
2012,Belgium,Gold,0
2012,Belgium,Silver,1
2012,Botswana,Bronze,0
2012,Botswana,Gold,0
2012,Botswana,Silver,1
2012,Brazil,Bronze,9
2012,Brazil,Gold,3
2012,Brazil,Silver,5
2012,Bulgaria,Bronze,1
2012,Bulgaria,Gold,0
2012,Bulgaria,Silver,1
2012,Canada,Bronze,12
2012,Canada,Gold,1
2012,Canada,Silver,5
2012,China,Bronze,24
2012,China,Gold,38
2012,China,Silver,27
2012,Colombia,Bronze,4
2012,Colombia,Gold,1
2012,Colombia,Silver,3
2012,Croatia,Bronze,2
2012,Croatia,Gold,3
2012,Croatia,Silver,1
2012,Cuba,Bronze,6
2012,Cuba,Gold,5
2012,Cuba,Silver,3
2012,Cyprus,Bronze,0
2012,Cyprus,Gold,0
2012,Cyprus,Silver,1
2012,Czech Republic,Bronze,3
2012,Czech Republic,Gold,4
2012,Czech Republic,Silver,3
2012,Denmark,Bronze,3
2012,Denmark,Gold,2
2012,Denmark,Silver,4
2012,Dominican Republic,Bronze,0
2012,Dominican Republic,Gold,1
2012,Dominican Republic,Silver,1
2012,Egypt,Bronze,0
2012,Egypt,Gold,0
2012,Egypt,Silver,2
2012,Estonia,Bronze,1
2012,Estonia,Gold,0
2012,Estonia,Silver,1
2012,Ethiopia,Bronze,3
2012,Ethiopia,Gold,3
2012,Ethiopia,Silver,1
2012,Finland,Bronze,2
2012,Finland,Gold,0
2012,Finland,Silver,1
2012,France,Bronze,13
2012,France,Gold,11
2012,France,Silver,11
2012,Gabon,Bronze,0
2012,Gabon,Gold,0
2012,Gabon,Silver,1
2012,Georgia,Bronze,3
2012,Georgia,Gold,1
2012,Georgia,Silver,3
2012,Germany,Bronze,14
2012,Germany,Gold,11
2012,Germany,Silver,19
2012,Greece,Bronze,2
2012,Greece,Gold,0
2012,Greece,Silver,0
2012,Grenada,Bronze,0
2012,Grenada,Gold,1
2012,Grenada,Silver,0
2012,Guatemala,Bronze,0
2012,Guatemala,Gold,0
2012,Guatemala,Silver,1
2012,Hungary,Bronze,6
2012,Hungary,Gold,8
2012,Hungary,Silver,4
2012,India,Bronze,4
2012,India,Gold,0
2012,India,Silver,2
2012,Indonesia,Bronze,1
2012,Indonesia,Gold,0
2012,Indonesia,Silver,1
2012,Iran,Bronze,3
2012,Iran,Gold,4
2012,Iran,Silver,5
2012,Ireland,Bronze,3
2012,Ireland,Gold,1
2012,Ireland,Silver,1
2012,Italy,Bronze,11
2012,Italy,Gold,8
2012,Italy,Silver,9
2012,Jamaica,Bronze,4
2012,Jamaica,Gold,4
2012,Jamaica,Silver,4
2012,Japan,Bronze,17
2012,Japan,Gold,7
2012,Japan,Silver,14
2012,Kazakhstan,Bronze,5
2012,Kazakhstan,Gold,7
2012,Kazakhstan,Silver,1
2012,Kenya,Bronze,5
2012,Kenya,Gold,2
2012,Kenya,Silver,4
2012,Kuwait,Bronze,1
2012,Kuwait,Gold,0
2012,Kuwait,Silver,0
2012,Latvia,Bronze,1
2012,Latvia,Gold,1
2012,Latvia,Silver,0
2012,Lithuania,Bronze,2
2012,Lithuania,Gold,2
2012,Lithuania,Silver,1
2012,Malaysia,Bronze,1
2012,Malaysia,Gold,0
2012,Malaysia,Silver,1
2012,Mexico,Bronze,3
2012,Mexico,Gold,1
2012,Mexico,Silver,3
2012,Moldova,Bronze,2
2012,Moldova,Gold,0
2012,Moldova,Silver,0
2012,Mongolia,Bronze,3
2012,Mongolia,Gold,0
2012,Mongolia,Silver,2
2012,Montenegro,Bronze,0
2012,Montenegro,Gold,0
2012,Montenegro,Silver,1
2012,Morocco,Bronze,1
2012,Morocco,Gold,0
2012,Morocco,Silver,0
2012,Netherlands,Bronze,8
2012,Netherlands,Gold,6
2012,Netherlands,Silver,6
2012,New Zealand,Bronze,5
2012,New Zealand,Gold,6
2012,New Zealand,Silver,2
2012,North Korea,Bronze,2
2012,North Korea,Gold,4
2012,North Korea,Silver,0
2012,Norway,Bronze,1
2012,Norway,Gold,2
2012,Norway,Silver,1
2012,Poland,Bronze,6
2012,Poland,Gold,2
2012,Poland,Silver,2
2012,Portugal,Bronze,0
2012,Portugal,Gold,0
2012,Portugal,Silver,1
2012,Puerto Rico,Bronze,1
2012,Puerto Rico,Gold,0
2012,Puerto Rico,Silver,1
2012,Qatar,Bronze,2
2012,Qatar,Gold,0
2012,Qatar,Silver,0
2012,Romania,Bronze,2
2012,Romania,Gold,2
2012,Romania,Silver,5
2012,Russia,Bronze,32
2012,Russia,Gold,24
2012,Russia,Silver,26
2012,Saudi Arabia,Bronze,1
2012,Saudi Arabia,Gold,0
2012,Saudi Arabia,Silver,0
2012,Serbia,Bronze,2
2012,Serbia,Gold,1
2012,Serbia,Silver,1
2012,Slovakia,Bronze,3
2012,Slovakia,Gold,0
2012,Slovakia,Silver,1
2012,Slovenia,Bronze,2
2012,Slovenia,Gold,1
2012,Slovenia,Silver,1
2012,South Africa,Bronze,1
2012,South Africa,Gold,3
2012,South Africa,Silver,2
2012,South Korea,Bronze,7
2012,South Korea,Gold,13
2012,South Korea,Silver,8
2012,Spain,Bronze,4
2012,Spain,Gold,3
2012,Spain,Silver,10
2012,Sweden,Bronze,3
2012,Sweden,Gold,1
2012,Sweden,Silver,4
2012,Switzerland,Bronze,0
2012,Switzerland,Gold,2
2012,Switzerland,Silver,2
2012,Taiwan,Bronze,1
2012,Taiwan,Gold,0
2012,Taiwan,Silver,1
2012,Tajikistan,Bronze,1
2012,Tajikistan,Gold,0
2012,Tajikistan,Silver,0
2012,Thailand,Bronze,1
2012,Thailand,Gold,0
2012,Thailand,Silver,2
2012,Trinidad,Bronze,2
2012,Trinidad,Gold,1
2012,Trinidad,Silver,1
2012,Tunisia,Bronze,1
2012,Tunisia,Gold,1
2012,Tunisia,Silver,1
2012,Turkey,Bronze,1
2012,Turkey,Gold,2
2012,Turkey,Silver,2
2012,UK,Bronze,19
2012,UK,Gold,29
2012,UK,Silver,17
2012,USA,Bronze,29
2012,USA,Gold,46
2012,USA,Silver,28
2012,Uganda,Bronze,0
2012,Uganda,Gold,1
2012,Uganda,Silver,0
2012,Ukraine,Bronze,9
2012,Ukraine,Gold,6
2012,Ukraine,Silver,5
2012,Uzbekistan,Bronze,2
2012,Uzbekistan,Gold,1
2012,Uzbekistan,Silver,0
2012,Venezuela,Bronze,0
2012,Venezuela,Gold,1
2012,Venezuela,Silver,0
2014,Australia,Bronze,1
2014,Australia,Gold,0
2014,Australia,Silver,2
2014,Austria,Bronze,5
2014,Austria,Gold,4
2014,Austria,Silver,8
2014,Belarus,Bronze,1
2014,Belarus,Gold,5
2014,Belarus,Silver,0
2014,Canada,Bronze,5
2014,Canada,Gold,10
2014,Canada,Silver,10
2014,China,Bronze,2
2014,China,Gold,3
2014,China,Silver,4
2014,Croatia,Bronze,0
2014,Croatia,Gold,0
2014,Croatia,Silver,1
2014,Czech Republic,Bronze,2
2014,Czech Republic,Gold,2
2014,Czech Republic,Silver,4
2014,Finland,Bronze,1
2014,Finland,Gold,1
2014,Finland,Silver,3
2014,France,Bronze,7
2014,France,Gold,4
2014,France,Silver,4
2014,Germany,Bronze,5
2014,Germany,Gold,8
2014,Germany,Silver,6
2014,Italy,Bronze,6
2014,Italy,Gold,0
2014,Italy,Silver,2
2014,Japan,Bronze,3
2014,Japan,Gold,1
2014,Japan,Silver,4
2014,Kazakhstan,Bronze,1
2014,Kazakhstan,Gold,0
2014,Kazakhstan,Silver,0
2014,Latvia,Bronze,2
2014,Latvia,Gold,0
2014,Latvia,Silver,2
2014,Netherlands,Bronze,9
2014,Netherlands,Gold,8
2014,Netherlands,Silver,7
2014,Norway,Bronze,10
2014,Norway,Gold,11
2014,Norway,Silver,5
2014,Poland,Bronze,1
2014,Poland,Gold,4
2014,Poland,Silver,1
2014,Russia,Bronze,9
2014,Russia,Gold,13
2014,Russia,Silver,11
2014,Slovakia,Bronze,0
2014,Slovakia,Gold,1
2014,Slovakia,Silver,0
2014,Slovenia,Bronze,4
2014,Slovenia,Gold,2
2014,Slovenia,Silver,2
2014,South Korea,Bronze,2
2014,South Korea,Gold,3
2014,South Korea,Silver,3
2014,Sweden,Bronze,6
2014,Sweden,Gold,2
2014,Sweden,Silver,7
2014,Switzerland,Bronze,2
2014,Switzerland,Gold,6
2014,Switzerland,Silver,3
2014,UK,Bronze,2
2014,UK,Gold,1
2014,UK,Silver,1
2014,USA,Bronze,12
2014,USA,Gold,9
2014,USA,Silver,7
2014,Ukraine,Bronze,1
2014,Ukraine,Gold,1
2014,Ukraine,Silver,0
2016,Algeria,Bronze,0
2016,Algeria,Gold,0
2016,Algeria,Silver,2
2016,Argentina,Bronze,0
2016,Argentina,Gold,3
2016,Argentina,Silver,1
2016,Armenia,Bronze,0
2016,Armenia,Gold,1
2016,Armenia,Silver,3
2016,Australia,Bronze,10
2016,Australia,Gold,8
2016,Australia,Silver,11
2016,Austria,Bronze,1
2016,Austria,Gold,0
2016,Austria,Silver,0
2016,Azerbaijan,Bronze,10
2016,Azerbaijan,Gold,1
2016,Azerbaijan,Silver,7
2016,Bahamas,Bronze,1
2016,Bahamas,Gold,1
2016,Bahamas,Silver,0
2016,Bahrain,Bronze,0
2016,Bahrain,Gold,1
2016,Bahrain,Silver,1
2016,Belarus,Bronze,4
2016,Belarus,Gold,1
2016,Belarus,Silver,4
2016,Belgium,Bronze,2
2016,Belgium,Gold,2
2016,Belgium,Silver,2
2016,Brazil,Bronze,6
2016,Brazil,Gold,7
2016,Brazil,Silver,6
2016,Bulgaria,Bronze,2
2016,Bulgaria,Gold,0
2016,Bulgaria,Silver,1
2016,Burundi,Bronze,0
2016,Burundi,Gold,0
2016,Burundi,Silver,1
2016,Canada,Bronze,15
2016,Canada,Gold,4
2016,Canada,Silver,3
2016,China,Bronze,26
2016,China,Gold,26
2016,China,Silver,18
2016,Colombia,Bronze,3
2016,Colombia,Gold,3
2016,Colombia,Silver,2
2016,Croatia,Bronze,2
2016,Croatia,Gold,5
2016,Croatia,Silver,3
2016,Cuba,Bronze,4
2016,Cuba,Gold,5
2016,Cuba,Silver,2
2016,Czech Republic,Bronze,7
2016,Czech Republic,Gold,1
2016,Czech Republic,Silver,2
2016,Denmark,Bronze,7
2016,Denmark,Gold,2
2016,Denmark,Silver,6
2016,Dominican Republic,Bronze,1
2016,Dominican Republic,Gold,0
2016,Dominican Republic,Silver,0
2016,Egypt,Bronze,3
2016,Egypt,Gold,0
2016,Egypt,Silver,0
2016,Estonia,Bronze,1
2016,Estonia,Gold,0
2016,Estonia,Silver,0
2016,Ethiopia,Bronze,5
2016,Ethiopia,Gold,1
2016,Ethiopia,Silver,2
2016,Fiji,Bronze,0
2016,Fiji,Gold,1
2016,Fiji,Silver,0
2016,Finland,Bronze,1
2016,Finland,Gold,0
2016,Finland,Silver,0
2016,France,Bronze,14
2016,France,Gold,10
2016,France,Silver,18
2016,Georgia,Bronze,4
2016,Georgia,Gold,2
2016,Georgia,Silver,1
2016,Germany,Bronze,15
2016,Germany,Gold,17
2016,Germany,Silver,10
2016,Greece,Bronze,2
2016,Greece,Gold,3
2016,Greece,Silver,1
2016,Grenada,Bronze,0
2016,Grenada,Gold,0
2016,Grenada,Silver,1
2016,Hungary,Bronze,4
2016,Hungary,Gold,8
2016,Hungary,Silver,3
2016,India,Bronze,1
2016,India,Gold,0
2016,India,Silver,1
2016,Individual Olympic Athletes,Bronze,1
2016,Individual Olympic Athletes,Gold,1
2016,Individual Olympic Athletes,Silver,0
2016,Indonesia,Bronze,0
2016,Indonesia,Gold,1
2016,Indonesia,Silver,2
2016,Iran,Bronze,4
2016,Iran,Gold,3
2016,Iran,Silver,1
2016,Ireland,Bronze,0
2016,Ireland,Gold,0
2016,Ireland,Silver,2
2016,Israel,Bronze,2
2016,Israel,Gold,0
2016,Israel,Silver,0
2016,Italy,Bronze,8
2016,Italy,Gold,8
2016,Italy,Silver,12
2016,Ivory Coast,Bronze,1
2016,Ivory Coast,Gold,1
2016,Ivory Coast,Silver,0
2016,Jamaica,Bronze,2
2016,Jamaica,Gold,6
2016,Jamaica,Silver,3
2016,Japan,Bronze,21
2016,Japan,Gold,12
2016,Japan,Silver,8
2016,Jordan,Bronze,0
2016,Jordan,Gold,1
2016,Jordan,Silver,0
2016,Kazakhstan,Bronze,10
2016,Kazakhstan,Gold,3
2016,Kazakhstan,Silver,5
2016,Kenya,Bronze,1
2016,Kenya,Gold,6
2016,Kenya,Silver,6
2016,Kosovo,Bronze,0
2016,Kosovo,Gold,1
2016,Kosovo,Silver,0
2016,Lithuania,Bronze,3
2016,Lithuania,Gold,0
2016,Lithuania,Silver,1
2016,Malaysia,Bronze,1
2016,Malaysia,Gold,0
2016,Malaysia,Silver,4
2016,Mexico,Bronze,2
2016,Mexico,Gold,0
2016,Mexico,Silver,3
2016,Mongolia,Bronze,1
2016,Mongolia,Gold,0
2016,Mongolia,Silver,1
2016,Morocco,Bronze,1
2016,Morocco,Gold,0
2016,Morocco,Silver,0
2016,Netherlands,Bronze,4
2016,Netherlands,Gold,8
2016,Netherlands,Silver,7
2016,New Zealand,Bronze,5
2016,New Zealand,Gold,4
2016,New Zealand,Silver,9
2016,Niger,Bronze,0
2016,Niger,Gold,0
2016,Niger,Silver,1
2016,Nigeria,Bronze,1
2016,Nigeria,Gold,0
2016,Nigeria,Silver,0
2016,North Korea,Bronze,2
2016,North Korea,Gold,2
2016,North Korea,Silver,3
2016,Norway,Bronze,4
2016,Norway,Gold,0
2016,Norway,Silver,0
2016,Philippines,Bronze,0
2016,Philippines,Gold,0
2016,Philippines,Silver,1
2016,Poland,Bronze,6
2016,Poland,Gold,2
2016,Poland,Silver,3
2016,Portugal,Bronze,1
2016,Portugal,Gold,0
2016,Portugal,Silver,0
2016,Puerto Rico,Bronze,0
2016,Puerto Rico,Gold,1
2016,Puerto Rico,Silver,0
2016,Qatar,Bronze,0
2016,Qatar,Gold,0
2016,Qatar,Silver,1
2016,Romania,Bronze,2
2016,Romania,Gold,1
2016,Romania,Silver,1
2016,Russia,Bronze,20
2016,Russia,Gold,19
2016,Russia,Silver,17
2016,Serbia,Bronze,2
2016,Serbia,Gold,2
2016,Serbia,Silver,4
2016,Slovakia,Bronze,0
2016,Slovakia,Gold,2
2016,Slovakia,Silver,2
2016,Slovenia,Bronze,1
2016,Slovenia,Gold,1
2016,Slovenia,Silver,2
2016,South Africa,Bronze,2
2016,South Africa,Gold,2
2016,South Africa,Silver,6
2016,South Korea,Bronze,9
2016,South Korea,Gold,9
2016,South Korea,Silver,3
2016,Spain,Bronze,6
2016,Spain,Gold,7
2016,Spain,Silver,4
2016,Sweden,Bronze,3
2016,Sweden,Gold,2
2016,Sweden,Silver,6
2016,Switzerland,Bronze,2
2016,Switzerland,Gold,3
2016,Switzerland,Silver,2
2016,Taiwan,Bronze,2
2016,Taiwan,Gold,1
2016,Taiwan,Silver,0
2016,Tajikistan,Bronze,0
2016,Tajikistan,Gold,1
2016,Tajikistan,Silver,0
2016,Thailand,Bronze,2
2016,Thailand,Gold,2
2016,Thailand,Silver,2
2016,Trinidad,Bronze,1
2016,Trinidad,Gold,0
2016,Trinidad,Silver,0
2016,Tunisia,Bronze,3
2016,Tunisia,Gold,0
2016,Tunisia,Silver,0
2016,Turkey,Bronze,4
2016,Turkey,Gold,1
2016,Turkey,Silver,3
2016,UK,Bronze,17
2016,UK,Gold,27
2016,UK,Silver,23
2016,USA,Bronze,38
2016,USA,Gold,46
2016,USA,Silver,37
2016,Ukraine,Bronze,4
2016,Ukraine,Gold,2
2016,Ukraine,Silver,5
2016,United Arab Emirates,Bronze,1
2016,United Arab Emirates,Gold,0
2016,United Arab Emirates,Silver,0
2016,Uzbekistan,Bronze,7
2016,Uzbekistan,Gold,4
2016,Uzbekistan,Silver,2
2016,Venezuela,Bronze,2
2016,Venezuela,Gold,0
2016,Venezuela,Silver,1
2016,Vietnam,Bronze,0
2016,Vietnam,Gold,1
2016,Vietnam,Silver,1
